wage,wage_hat,wage_uhat,female,educ,meduc,meducf,exper,tenure,nonwhite,married,numdep,smsa,northcen,south,west,construc,ndurman,trcommpu,trade,services,profserv,profocc,clerocc,servocc,lwage,exper2,college1,college2,male,lwage2,l2wage,educ2,feduc,xxx
10.92,5.59145927429199,5.32854080200195,0,12,12.5627374649048,12.7883214950562,34,5,0,1,0,0,0,1,0,0,0,0,0,0,1,1,0,0,2.39059591293335,1156,0,0,1,4.7811918258667,3.08374309539795,24,0,-12
15,6.67417812347412,8.32582187652588,0,14,12.5627374649048,12.7883214950562,7,7,1,1,1,1,0,0,0,0,0,0,0,0,0,0,0,0,2.70805025100708,49,0,0,1,5.41610050201416,3.40119743347168,28,0,-14
3.25,3.96738171577454,-0.717381656169891,0,9,12.5627374649048,12.7883214950562,29,0,1,1,1,1,1,0,0,0,0,0,0,0,0,0,0,0,1.1786550283432,841,0,0,1,2.3573100566864,1.8718022108078,18,0,-9
10,5.59145927429199,4.40854072570801,0,12,12.5627374649048,12.7883214950562,24,24,0,1,0,1,1,0,0,0,1,0,0,0,0,0,0,0,2.30258512496948,576,0,0,1,4.60517024993897,2.99573230743408,24,0,-12
6.45,5.59145927429199,0.858540594577789,0,12,12.5627374649048,12.7883214950562,7,6,0,1,0,0,0,1,0,0,0,0,1,0,0,0,0,0,1.86408007144928,49,0,0,1,3.72816014289856,2.55722737312317,24,0,-12
11.9,6.13281869888306,5.76718139648438,0,13,12.5627374649048,12.7883214950562,24,19,0,1,2,1,0,0,0,0,0,0,0,0,1,1,0,0,2.47653841972351,576,0,0,1,4.95307683944702,3.16968560218811,26,0,-13
8.48,5.59145927429199,2.88854050636292,0,12,12.5627374649048,12.7883214950562,29,13,0,1,3,1,0,0,1,0,0,0,0,0,0,0,0,0,2.13771033287048,841,0,0,1,4.27542066574097,2.83085751533508,24,0,-12
3.58,5.59145927429199,-2.01145935058594,0,12,12.5627374649048,12.7883214950562,13,0,0,0,0,1,0,1,0,0,0,0,0,1,0,0,0,0,1.27536284923553,169,0,0,1,2.55072569847107,1.96851003170013,24,0,-12
4.5,7.75689649581909,-3.25689649581909,0,16,12.5627374649048,12.7883214950562,21,10,0,1,1,1,0,1,0,0,0,0,1,0,0,1,0,0,1.5040774345398,441,1,1,1,3.00815486907959,2.19722461700439,32,0,-16
3.25,7.21553707122803,-3.96553730964661,0,15,12.5627374649048,12.7883214950562,3,0,0,0,1,0,0,0,0,0,0,0,1,0,0,0,0,1,1.1786550283432,9,0,0,1,2.3573100566864,1.8718022108078,30,0,-15
3.37,5.05010032653809,-1.68010020256042,0,11,12.5627374649048,12.7883214950562,45,12,0,1,0,1,0,0,0,0,0,0,1,0,0,1,0,0,1.21491277217865,2025,0,0,1,2.4298255443573,1.90805995464325,22,0,-11
5,5.59145927429199,-0.591459453105927,0,12,12.5627374649048,12.7883214950562,15,5,0,1,1,1,0,0,0,0,0,0,1,0,0,0,1,0,1.60943794250488,225,0,0,1,3.21887588500977,2.30258512496948,24,0,-12
7.25,5.59145927429199,1.65854060649872,0,12,12.5627374649048,12.7883214950562,14,5,0,1,3,1,0,0,1,0,0,1,0,0,0,0,0,0,1.981001496315,196,0,0,1,3.96200299263001,2.67414855957031,24,0,-12
12.5,8.83961486816406,3.66038513183594,0,18,12.5627374649048,12.7883214950562,6,2,0,0,0,1,0,1,0,0,0,0,0,1,0,0,1,0,2.52572870254517,36,1,1,1,5.05145740509033,3.21887588500977,36,0,-18
8,6.13281869888306,1.86718130111694,0,13,12.5627374649048,12.7883214950562,28,5,0,1,1,1,1,0,0,0,0,0,0,1,0,1,0,0,2.0794415473938,784,0,0,1,4.1588830947876,2.7725887298584,26,0,-13
5.43,6.67417812347412,-1.24417793750763,0,14,12.5627374649048,12.7883214950562,10,3,1,1,1,1,0,1,0,0,0,0,1,0,0,1,0,0,1.69193911552429,100,0,0,1,3.38387823104858,2.38508629798889,28,0,-14
7.9,5.59145927429199,2.30854058265686,0,12,12.5627374649048,12.7883214950562,2,0,0,0,0,1,0,1,0,1,0,0,0,0,0,0,0,0,2.06686282157898,4,0,0,1,4.13372564315796,2.76001000404358,24,0,-12
3,5.05010032653809,-2.05010008811951,0,11,12.5627374649048,12.7883214950562,2,0,0,0,0,1,0,0,0,0,0,0,1,0,0,0,0,0,1.0986123085022,4,0,0,1,2.19722461700439,1.7917594909668,22,0,-11
6.25,5.59145927429199,0.658540546894074,0,12,12.5627374649048,12.7883214950562,21,6,0,1,3,1,0,1,0,0,0,0,1,0,0,1,0,0,1.83258152008057,441,0,0,1,3.66516304016113,2.52572870254517,24,0,-12
10,5.59145927429199,4.40854072570801,0,12,12.5627374649048,12.7883214950562,15,0,0,0,1,0,0,0,0,0,0,0,0,1,0,1,0,0,2.30258512496948,225,0,0,1,4.60517024993897,2.99573230743408,24,0,-12
4.38,6.13281869888306,-1.75281870365143,0,13,12.5627374649048,12.7883214950562,7,0,1,1,1,1,0,0,1,0,1,0,0,0,0,0,0,0,1.47704875469208,49,0,0,1,2.95409750938416,2.17019581794739,26,0,-13
2.23,3.42602229118347,-1.19602239131928,0,8,12.5627374649048,12.7883214950562,28,3,0,1,4,0,0,1,0,0,0,0,0,0,1,1,0,0,0.802001595497131,784,0,0,1,1.60400319099426,1.49514877796173,16,0,-8
1.67,4.50874090194702,-2.83874082565308,0,10,12.5627374649048,12.7883214950562,1,0,0,0,1,1,0,0,1,0,0,0,0,1,0,0,0,0,0.512823641300201,1,0,0,1,1.0256472826004,1.20597076416016,20,0,-10
4.44,5.59145927429199,-1.15145945549011,0,12,12.5627374649048,12.7883214950562,3,0,0,0,0,1,1,0,0,0,0,0,1,0,0,1,0,0,1.49065434932709,9,0,0,1,2.98130869865418,2.18380165100098,24,0,-12
3,7.21553707122803,-4.21553707122803,0,15,12.5627374649048,12.7883214950562,1,0,0,0,0,1,0,1,0,0,0,0,1,0,0,1,0,0,1.0986123085022,1,0,0,1,2.19722461700439,1.7917594909668,30,0,-15
13.33,5.59145927429199,7.73854064941406,0,12,12.5627374649048,12.7883214950562,14,11,0,1,2,1,0,0,0,0,0,0,1,0,0,1,0,0,2.59001708030701,196,0,0,1,5.18003416061401,3.28316426277161,24,0,-12
3.76,2.3433039188385,1.41669607162476,0,6,12.5627374649048,12.7883214950562,6,0,0,0,4,0,0,1,0,0,0,0,0,0,0,0,0,0,1.32441890239716,36,0,0,1,2.64883780479431,2.01756620407105,12,0,-6
24.98,8.83961486816406,16.1403846740723,0,18,12.5627374649048,12.7883214950562,29,25,0,1,0,1,0,0,0,0,0,0,0,0,0,1,0,0,3.21807551383972,841,1,1,1,6.43615102767944,3.91122269630432,36,0,-18
2.38,3.96738171577454,-1.58738160133362,0,9,12.5627374649048,12.7883214950562,5,0,1,0,5,1,0,1,0,0,0,0,0,0,0,0,0,1,0.867100477218628,25,0,0,1,1.73420095443726,1.56024765968323,18,0,-9
4.5,5.59145927429199,-1.09145939350128,0,12,12.5627374649048,12.7883214950562,12,0,0,1,3,1,0,1,0,0,0,0,1,0,0,0,0,0,1.5040774345398,144,0,0,1,3.00815486907959,2.19722461700439,24,0,-12
7.36,3.42602229118347,3.93397760391235,0,8,12.5627374649048,12.7883214950562,36,24,0,1,3,1,1,0,0,0,0,0,0,0,0,0,0,0,1.99605989456177,1296,0,0,1,3.99211978912354,2.68920707702637,16,0,-8
6,6.67417812347412,-0.674177944660187,0,14,12.5627374649048,12.7883214950562,11,0,0,1,0,0,1,0,0,0,0,0,1,0,0,0,0,0,1.7917594909668,121,0,0,1,3.58351898193359,2.4849066734314,28,0,-14
8.75,6.67417812347412,2.07582211494446,0,14,12.5627374649048,12.7883214950562,9,3,0,1,1,1,0,0,0,0,1,0,0,0,0,1,0,0,2.16905379295349,81,0,0,1,4.33810758590698,2.86220097541809,28,0,-14
6.5,5.59145927429199,0.908540546894074,0,12,12.5627374649048,12.7883214950562,20,14,0,1,3,1,0,0,1,0,0,0,1,0,0,0,0,0,1.8718022108078,400,0,0,1,3.7436044216156,2.56494927406311,24,0,-12
3.29,6.67417812347412,-3.38417792320251,0,14,12.5627374649048,12.7883214950562,30,13,0,0,0,1,1,0,0,0,0,0,1,0,0,1,0,0,1.19088757038116,900,0,0,1,2.38177514076233,1.88403475284576,28,0,-14
5.77,4.50874090194702,1.26125907897949,0,10,12.5627374649048,12.7883214950562,44,3,0,1,0,1,1,0,0,0,0,0,0,0,1,1,0,0,1.75267207622528,1936,0,0,1,3.50534415245056,2.44581937789917,20,0,-10
9.3,7.21553707122803,2.08446288108826,0,15,12.5627374649048,12.7883214950562,2,2,0,1,0,1,0,1,0,0,0,0,1,0,0,0,0,0,2.23001432418823,4,0,0,1,4.46002864837647,2.92316150665283,30,0,-15
10,5.59145927429199,4.40854072570801,0,12,12.5627374649048,12.7883214950562,29,0,0,1,2,1,0,0,0,0,0,0,0,0,1,0,1,0,2.30258512496948,841,0,0,1,4.60517024993897,2.99573230743408,24,0,-12
5.25,5.05010032653809,0.199899822473526,0,11,12.5627374649048,12.7883214950562,13,11,0,1,2,0,0,1,0,0,1,0,0,0,0,0,0,0,1.65822803974152,169,0,0,1,3.31645607948303,2.35137534141541,22,0,-11
6,7.75689649581909,-1.75689649581909,0,16,12.5627374649048,12.7883214950562,2,2,0,0,0,1,0,0,0,0,1,0,0,0,0,0,0,0,1.7917594909668,4,1,1,1,3.58351898193359,2.4849066734314,32,0,-16
6,5.59145927429199,0.408540576696396,0,12,12.5627374649048,12.7883214950562,22,8,0,0,2,1,0,0,0,0,0,0,1,0,0,1,0,0,1.7917594909668,484,0,0,1,3.58351898193359,2.4849066734314,24,0,-12
5,5.05010032653809,-0.0501001700758934,0,11,12.5627374649048,12.7883214950562,13,1,0,1,0,0,0,1,0,0,0,0,1,0,0,0,0,0,1.60943794250488,169,0,0,1,3.21887588500977,2.30258512496948,22,0,-11
20,5.59145927429199,14.408540725708,0,12,12.5627374649048,12.7883214950562,22,4,0,1,1,0,0,1,0,0,0,0,1,0,0,1,0,0,2.99573230743408,484,0,0,1,5.99146461486816,3.68887948989868,24,0,-12
3.5,6.13281869888306,-2.63281869888306,0,13,12.5627374649048,12.7883214950562,1,0,0,0,1,1,0,0,0,0,1,0,0,0,0,1,0,0,1.25276291370392,1,0,0,1,2.50552582740784,1.94591009616852,26,0,-13
7,5.59145927429199,1.40854060649872,0,12,12.5627374649048,12.7883214950562,6,5,1,1,1,0,0,1,0,1,0,0,0,0,0,0,0,0,1.94591009616852,36,0,0,1,3.89182019233704,2.63905739784241,24,0,-12
4.65,7.75689649581909,-3.10689640045166,0,16,12.5627374649048,12.7883214950562,3,1,0,0,0,1,0,0,0,0,1,0,0,0,0,0,0,0,1.53686726093292,9,1,1,1,3.07373452186584,2.23001432418823,32,0,-16
4.5,6.67417812347412,-2.17417788505554,0,14,12.5627374649048,12.7883214950562,10,0,0,1,0,1,1,0,0,0,0,0,0,0,1,0,0,0,1.5040774345398,100,0,0,1,3.00815486907959,2.19722461700439,28,0,-14
18.18,8.29825592041016,9.88174438476563,0,17,12.5627374649048,12.7883214950562,22,21,0,1,0,1,0,0,1,0,0,0,0,0,0,1,0,0,2.9003221988678,484,1,1,1,5.8006443977356,3.5934693813324,34,0,-17
18.16,7.75689649581909,10.4031038284302,0,16,12.5627374649048,12.7883214950562,29,7,0,1,1,1,0,1,0,0,1,0,0,0,0,1,0,0,2.89922142028809,841,1,1,1,5.79844284057617,3.59236860275269,32,0,-16
4,4.50874090194702,-0.508740901947022,0,10,12.5627374649048,12.7883214950562,34,12,0,1,0,0,1,0,0,0,0,0,0,0,0,0,0,0,1.3862943649292,1156,0,0,1,2.7725887298584,2.0794415473938,20,0,-10
4,3.96738171577454,0.0326183438301086,0,9,12.5627374649048,12.7883214950562,22,18,1,0,0,0,0,1,0,0,0,0,0,0,0,0,0,0,1.3862943649292,484,0,0,1,2.7725887298584,2.0794415473938,18,0,-9
9.33,6.67417812347412,2.65582203865051,0,14,12.5627374649048,12.7883214950562,12,11,0,1,3,0,0,0,0,0,0,0,0,0,1,1,0,0,2.23323512077332,144,0,0,1,4.46647024154663,2.92638230323792,28,0,-14
2.91,5.59145927429199,-2.68145942687988,0,12,12.5627374649048,12.7883214950562,4,0,0,1,0,1,0,1,0,0,0,0,1,0,0,0,0,0,1.06815302371979,16,0,0,1,2.13630604743958,1.76130020618439,24,0,-12
9,5.59145927429199,3.40854048728943,0,12,12.5627374649048,12.7883214950562,38,1,0,1,0,1,0,0,0,0,0,0,0,0,1,1,0,0,2.19722461700439,1444,0,0,1,4.39444923400879,2.89037179946899,24,0,-12
4.69,4.50874090194702,0.181259080767632,0,10,12.5627374649048,12.7883214950562,7,7,0,0,0,0,1,0,0,0,0,0,0,0,0,0,0,0,1.54543256759644,49,0,0,1,3.09086513519287,2.23857975006104,20,0,-10
7.26,6.13281869888306,1.1271812915802,0,13,12.5627374649048,12.7883214950562,8,2,0,0,0,1,0,1,0,0,0,0,1,0,0,1,0,0,1.98237979412079,64,0,0,1,3.96475958824158,2.67552709579468,26,0,-13
6.25,5.05010032653809,1.1998997926712,0,11,12.5627374649048,12.7883214950562,35,31,0,1,0,1,0,1,0,0,0,0,1,0,0,0,0,0,1.83258152008057,1225,0,0,1,3.66516304016113,2.52572870254517,22,0,-11
6.25,2.88466310501099,3.36533689498901,0,7,12.5627374649048,12.7883214950562,39,21,1,1,0,1,0,1,0,0,0,0,1,0,0,0,0,0,1.83258152008057,1521,0,0,1,3.66516304016113,2.52572870254517,14,0,-7
9.8,8.29825592041016,1.50174427032471,0,17,12.5627374649048,12.7883214950562,7,0,0,1,0,1,0,0,0,0,0,0,0,1,0,1,0,0,2.28238248825073,49,1,1,1,4.56476497650147,2.97552967071533,34,0,-17
11.56,7.75689649581909,3.80310344696045,0,16,12.5627374649048,12.7883214950562,5,1,0,1,0,0,0,0,1,0,1,0,0,0,0,0,0,0,2.44755077362061,25,1,1,1,4.89510154724121,3.14069795608521,32,0,-16
3.2,5.05010032653809,-1.85010015964508,0,11,12.5627374649048,12.7883214950562,1,0,0,0,0,0,0,0,0,0,0,0,1,0,0,0,0,1,1.16315078735352,1,0,0,1,2.32630157470703,1.85629796981812,22,0,-11
5,5.05010032653809,-0.0501001700758934,0,11,12.5627374649048,12.7883214950562,24,5,0,1,0,1,0,1,0,0,0,0,1,0,0,0,0,0,1.60943794250488,576,0,0,1,3.21887588500977,2.30258512496948,22,0,-11
15.38,6.13281869888306,9.2471809387207,0,13,12.5627374649048,12.7883214950562,25,21,0,1,2,1,1,0,0,0,0,0,0,0,1,1,0,0,2.73306798934937,625,0,0,1,5.46613597869873,3.42621517181397,26,0,-13
8.64,5.59145927429199,3.0485405921936,0,12,12.5627374649048,12.7883214950562,28,8,0,1,0,1,1,0,0,0,1,0,0,0,0,1,0,0,2.15640258789063,784,0,0,1,4.31280517578125,2.84954977035522,24,0,-12
4.75,6.13281869888306,-1.38281869888306,0,13,12.5627374649048,12.7883214950562,47,1,0,1,0,0,0,0,1,0,0,0,1,0,0,0,0,0,1.55814456939697,2209,0,0,1,3.11628913879395,2.25129175186157,26,0,-13
3,7.21553707122803,-4.21553707122803,0,15,12.5627374649048,12.7883214950562,9,0,1,0,0,0,1,0,0,0,0,0,0,1,0,0,0,0,1.0986123085022,81,0,0,1,2.19722461700439,1.7917594909668,30,0,-15
7.5,6.67417812347412,0.825822055339813,0,14,12.5627374649048,12.7883214950562,29,24,0,1,1,1,1,0,0,0,0,0,0,0,0,1,0,0,2.01490306854248,841,0,0,1,4.02980613708496,2.70805025100708,28,0,-14
6.33,5.59145927429199,0.738540589809418,0,12,12.5627374649048,12.7883214950562,23,8,0,1,2,0,0,1,0,0,0,0,0,0,0,1,0,0,1.84530019760132,529,0,0,1,3.69060039520264,2.53844738006592,24,0,-12
9.13,5.59145927429199,3.53854060173035,0,12,12.5627374649048,12.7883214950562,14,12,0,1,3,1,0,1,0,0,1,0,0,0,0,1,0,0,2.21156573295593,196,0,0,1,4.42313146591187,2.90471291542053,24,0,-12
12.5,8.29825592041016,4.20174407958984,0,17,12.5627374649048,12.7883214950562,21,18,0,1,3,1,0,0,0,0,0,0,0,0,0,1,0,0,2.52572870254517,441,1,1,1,5.05145740509033,3.21887588500977,34,0,-17
5.2,2.3433039188385,2.85669612884522,0,6,12.5627374649048,12.7883214950562,47,13,1,1,0,1,0,1,0,1,0,0,0,0,0,0,0,0,1.64865863323212,2209,0,0,1,3.29731726646423,2.34180569648743,12,0,-6
6.8,5.59145927429199,1.208540558815,0,12,12.5627374649048,12.7883214950562,14,10,0,1,2,0,0,1,0,0,1,0,0,0,0,0,0,0,1.9169225692749,196,0,0,1,3.8338451385498,2.6100697517395,24,0,-12
21.86,5.59145927429199,16.2685413360596,0,12,12.5627374649048,12.7883214950562,24,16,0,1,3,1,1,0,0,0,0,0,1,0,0,1,0,0,3.08465838432312,576,0,0,1,6.16931676864624,3.77780556678772,24,0,-12
4.25,6.67417812347412,-2.42417788505554,0,14,12.5627374649048,12.7883214950562,5,2,0,1,2,1,0,0,0,0,0,0,1,0,0,0,0,0,1.44691896438599,25,0,0,1,2.89383792877197,2.14006614685059,28,0,-14
6.29,8.29825592041016,-2.00825572013855,0,17,12.5627374649048,12.7883214950562,10,3,0,1,1,1,0,1,0,0,0,0,0,1,0,1,0,0,1.83896112442017,100,1,1,1,3.67792224884033,2.53210830688477,34,0,-17
4.5,3.96738171577454,0.532618343830109,0,9,12.5627374649048,12.7883214950562,22,5,0,1,4,1,0,0,0,0,0,0,0,0,0,0,0,0,1.5040774345398,484,0,0,1,3.00815486907959,2.19722461700439,18,0,-9
6.36,6.67417812347412,-0.314177930355072,0,14,12.5627374649048,12.7883214950562,8,1,0,1,0,1,0,1,0,0,0,0,1,0,0,1,0,0,1.85002839565277,64,0,0,1,3.70005679130554,2.54317545890808,28,0,-14
5.25,4.50874090194702,0.741259098052979,0,10,12.5627374649048,12.7883214950562,44,7,0,1,1,1,1,0,0,0,0,0,0,0,0,0,0,0,1.65822803974152,1936,0,0,1,3.31645607948303,2.35137534141541,20,0,-10
4.11,6.67417812347412,-2.56417798995972,0,14,12.5627374649048,12.7883214950562,5,0,0,0,0,0,0,1,0,0,0,0,0,0,1,1,0,0,1.41342306137085,25,0,0,1,2.8268461227417,2.10657024383545,28,0,-14
8.53,4.50874090194702,4.02125930786133,0,10,12.5627374649048,12.7883214950562,14,6,0,1,0,0,0,1,0,0,0,0,0,0,0,0,0,0,2.14358925819397,196,0,0,1,4.28717851638794,2.83673644065857,20,0,-10
3.13,4.50874090194702,-1.37874090671539,0,10,12.5627374649048,12.7883214950562,1,1,0,0,2,1,0,0,1,0,0,0,1,0,0,0,0,1,1.14103305339813,1,0,0,1,2.28206610679626,1.83418023586273,20,0,-10
10,6.67417812347412,3.32582211494446,0,14,12.5627374649048,12.7883214950562,18,5,0,1,2,1,0,1,0,0,0,0,0,0,0,1,0,0,2.30258512496948,324,0,0,1,4.60517024993897,2.99573230743408,28,0,-14
6.5,8.29825592041016,-1.79825568199158,0,17,12.5627374649048,12.7883214950562,3,0,0,1,0,1,1,0,0,0,0,0,0,0,1,1,0,0,1.8718022108078,9,1,1,1,3.7436044216156,2.56494927406311,34,0,-17
6.67,5.59145927429199,1.07854056358337,0,12,12.5627374649048,12.7883214950562,7,5,0,0,0,1,0,0,0,0,0,0,0,0,0,1,0,0,1.89761984348297,49,0,0,1,3.79523968696594,2.59076714515686,24,0,-12
8.63,5.59145927429199,3.03854060173035,0,12,12.5627374649048,12.7883214950562,23,9,0,1,1,0,0,1,0,0,1,0,0,0,0,0,0,0,2.15524458885193,529,0,0,1,4.31048917770386,2.84839177131653,24,0,-12
6,5.59145927429199,0.408540576696396,0,12,12.5627374649048,12.7883214950562,7,7,0,1,0,1,0,0,0,0,0,0,0,0,0,0,0,0,1.7917594909668,49,0,0,1,3.58351898193359,2.4849066734314,24,0,-12
13,6.67417812347412,6.32582187652588,0,14,12.5627374649048,12.7883214950562,23,5,0,1,2,1,0,0,1,0,0,0,0,0,1,1,0,0,2.56494927406311,529,0,0,1,5.12989854812622,3.25809645652771,28,0,-14
12.22,7.75689649581909,4.46310377120972,0,16,12.5627374649048,12.7883214950562,10,2,0,0,0,1,0,1,0,0,0,0,0,0,1,1,0,0,2.50307393074036,100,1,1,1,5.00614786148071,3.19622111320496,32,0,-16
12.5,7.75689649581909,4.74310350418091,0,16,12.5627374649048,12.7883214950562,31,0,0,1,0,1,0,0,1,0,0,0,0,0,0,1,0,0,2.52572870254517,961,1,1,1,5.05145740509033,3.21887588500977,32,0,-16
2.91,5.05010032653809,-2.1401002407074,0,11,12.5627374649048,12.7883214950562,2,2,0,0,2,1,1,0,0,0,0,0,1,0,0,0,0,1,1.06815302371979,4,0,0,1,2.13630604743958,1.76130020618439,22,0,-11
11.98,8.83961486816406,3.14038491249084,0,18,12.5627374649048,12.7883214950562,8,10,0,1,2,1,0,1,0,0,0,1,0,0,0,1,0,0,2.483238697052,64,1,1,1,4.966477394104,3.1763858795166,36,0,-18
3.5,6.13281869888306,-2.63281869888306,0,13,12.5627374649048,12.7883214950562,1,2,0,0,3,1,1,0,0,0,0,0,1,0,0,0,0,0,1.25276291370392,1,0,0,1,2.50552582740784,1.94591009616852,26,0,-13
5,6.67417812347412,-1.67417800426483,0,14,12.5627374649048,12.7883214950562,5,0,0,0,0,1,1,0,0,0,0,0,1,0,0,0,0,0,1.60943794250488,25,0,0,1,3.21887588500977,2.30258512496948,28,0,-14
3,3.42602229118347,-0.426022410392761,0,8,12.5627374649048,12.7883214950562,33,0,0,1,1,1,0,1,0,0,0,1,0,0,0,0,0,0,1.0986123085022,1089,0,0,1,2.19722461700439,1.7917594909668,16,0,-8
18.16,7.75689649581909,10.4031038284302,0,16,12.5627374649048,12.7883214950562,35,28,0,1,1,1,1,0,0,0,1,0,0,0,0,1,0,0,2.89922142028809,1225,1,1,1,5.79844284057617,3.59236860275269,32,0,-16
12.5,8.83961486816406,3.66038513183594,0,18,12.5627374649048,12.7883214950562,16,5,0,1,1,1,1,0,0,0,0,0,0,0,1,1,0,0,2.52572870254517,256,1,1,1,5.05145740509033,3.21887588500977,36,0,-18
8.33,7.21553707122803,1.11446285247803,0,15,12.5627374649048,12.7883214950562,33,26,0,1,1,1,0,0,0,0,0,0,0,0,1,1,0,0,2.11986351013184,1089,0,0,1,4.23972702026367,2.81301069259644,30,0,-15
13.95,7.75689649581909,6.19310331344605,0,16,12.5627374649048,12.7883214950562,41,16,0,1,0,1,1,0,0,0,1,0,0,0,0,1,0,0,2.63547945022583,1681,1,1,1,5.27095890045166,3.32862663269043,32,0,-16
3.51,1.26058530807495,2.24941468238831,0,4,12.5627374649048,12.7883214950562,39,15,0,1,5,1,0,0,1,0,0,0,1,0,0,0,0,0,1.25561606884003,1521,0,0,1,2.51123213768005,1.94876325130463,8,0,-4
4.24,4.50874090194702,-0.268740922212601,0,10,12.5627374649048,12.7883214950562,14,5,1,1,1,0,0,1,0,0,0,0,1,0,0,0,0,0,1.44456326961517,196,0,0,1,2.88912653923035,2.13771033287048,20,0,-10
2.83,4.50874090194702,-1.67874085903168,0,10,12.5627374649048,12.7883214950562,1,0,0,0,4,1,1,0,0,0,0,0,1,0,0,0,0,0,1.04027676582336,1,0,0,1,2.08055353164673,1.73342394828796,20,0,-10
6,6.13281869888306,-0.132818683981895,0,13,12.5627374649048,12.7883214950562,21,13,0,1,4,0,0,1,0,0,1,0,0,0,0,0,0,0,1.7917594909668,441,0,0,1,3.58351898193359,2.4849066734314,26,0,-13
2.95,5.59145927429199,-2.64145946502686,0,12,12.5627374649048,12.7883214950562,3,1,0,0,1,0,1,0,0,0,0,0,1,0,0,0,0,0,1.08180522918701,9,0,0,1,2.16361045837402,1.77495229244232,24,0,-12
6.25,5.59145927429199,0.658540546894074,0,12,12.5627374649048,12.7883214950562,10,0,0,1,3,1,0,1,0,1,0,0,0,0,0,0,0,0,1.83258152008057,100,0,0,1,3.66516304016113,2.52572870254517,24,0,-12
5.25,7.75689649581909,-2.50689649581909,0,16,12.5627374649048,12.7883214950562,4,0,0,0,0,1,0,1,0,0,1,0,0,0,0,1,0,0,1.65822803974152,16,1,1,1,3.31645607948303,2.35137534141541,32,0,-16
6.63,7.75689649581909,-1.12689650058746,0,16,12.5627374649048,12.7883214950562,3,0,0,1,0,1,0,1,0,0,0,0,0,0,1,1,0,0,1.89160478115082,9,1,1,1,3.78320956230164,2.58475208282471,32,0,-16
3,5.59145927429199,-2.59145951271057,0,12,12.5627374649048,12.7883214950562,2,0,0,0,0,1,0,0,0,1,0,0,0,0,0,0,0,0,1.0986123085022,4,0,0,1,2.19722461700439,1.7917594909668,24,0,-12
10,7.75689649581909,2.24310350418091,0,16,12.5627374649048,12.7883214950562,3,2,0,1,0,1,0,1,0,0,0,1,0,0,0,1,0,0,2.30258512496948,9,1,1,1,4.60517024993897,2.99573230743408,32,0,-16
8.77,5.59145927429199,3.17854046821594,0,12,12.5627374649048,12.7883214950562,15,0,0,1,2,1,0,0,1,0,0,0,0,0,0,0,0,0,2.17133688926697,225,0,0,1,4.34267377853394,2.86448407173157,24,0,-12
3,3.42602229118347,-0.426022410392761,0,8,12.5627374649048,12.7883214950562,33,2,0,1,0,0,0,1,0,0,1,0,0,0,0,0,0,0,1.0986123085022,1089,0,0,1,2.19722461700439,1.7917594909668,16,0,-8
3.35,5.59145927429199,-2.24145936965942,0,12,12.5627374649048,12.7883214950562,9,1,0,1,0,1,1,0,0,0,0,0,1,0,0,0,0,0,1.20896029472351,81,0,0,1,2.41792058944702,1.90210747718811,24,0,-12
3,1.26058530807495,1.73941469192505,0,4,12.5627374649048,12.7883214950562,36,0,0,1,1,0,0,1,0,1,0,0,0,0,0,0,0,0,1.0986123085022,1296,0,0,1,2.19722461700439,1.7917594909668,8,0,-4
4.57,6.67417812347412,-2.10417795181274,0,14,12.5627374649048,12.7883214950562,3,0,0,1,0,0,0,1,0,0,0,0,0,0,1,1,0,0,1.51951324939728,9,0,0,1,3.03902649879456,2.21266031265259,28,0,-14
17.5,7.75689649581909,9.74310398101807,0,16,12.5627374649048,12.7883214950562,23,22,0,1,3,1,0,0,1,0,0,0,1,0,0,1,0,0,2.86220097541809,529,1,1,1,5.72440195083618,3.55534815788269,32,0,-16
4,5.59145927429199,-1.59145939350128,0,12,12.5627374649048,12.7883214950562,5,2,0,1,0,0,0,1,0,1,0,0,0,0,0,0,0,0,1.3862943649292,25,0,0,1,2.7725887298584,2.0794415473938,24,0,-12
5.63,7.75689649581909,-2.12689638137817,0,16,12.5627374649048,12.7883214950562,2,2,0,1,0,1,0,0,0,0,0,0,1,0,0,0,0,1,1.7281094789505,4,1,1,1,3.456218957901,2.42125654220581,32,0,-16
6.5,6.67417812347412,-0.174177944660187,0,14,12.5627374649048,12.7883214950562,41,33,0,1,0,1,1,0,0,0,0,0,1,0,0,1,0,0,1.8718022108078,1681,0,0,1,3.7436044216156,2.56494927406311,28,0,-14
4.79,5.59145927429199,-0.801459431648254,0,12,12.5627374649048,12.7883214950562,41,8,0,1,0,1,1,0,0,0,0,0,1,0,0,1,0,0,1.56653046607971,1681,0,0,1,3.13306093215942,2.25967764854431,24,0,-12
5,3.42602229118347,1.57397758960724,0,8,12.5627374649048,12.7883214950562,45,2,0,0,0,0,1,0,0,0,1,0,0,0,0,0,0,0,1.60943794250488,2025,0,0,1,3.21887588500977,2.30258512496948,16,0,-8
5.65,5.59145927429199,0.0585405714809895,0,12,12.5627374649048,12.7883214950562,2,0,0,0,0,0,0,0,1,1,0,0,0,0,0,0,0,0,1.73165559768677,4,0,0,1,3.46331119537354,2.42480278015137,24,0,-12
4.51,5.59145927429199,-1.08145940303803,0,12,12.5627374649048,12.7883214950562,5,2,0,0,0,1,1,0,0,0,0,0,1,0,0,0,0,0,1.50629711151123,25,0,0,1,3.01259422302246,2.19944429397583,24,0,-12
3.3,5.59145927429199,-2.29145932197571,0,12,12.5627374649048,12.7883214950562,25,8,0,1,1,1,1,0,0,0,0,0,1,0,0,0,0,0,1.19392251968384,625,0,0,1,2.38784503936768,1.88706970214844,24,0,-12
17.33,7.75689649581909,9.57310390472412,0,16,12.5627374649048,12.7883214950562,14,0,0,1,1,1,0,0,1,0,0,0,0,0,1,1,0,0,2.85243916511536,196,1,1,1,5.70487833023071,3.54558634757996,32,0,-16
6,3.42602229118347,2.57397770881653,0,8,12.5627374649048,12.7883214950562,44,28,0,1,0,1,0,0,1,0,0,0,0,0,0,0,1,0,1.7917594909668,1936,0,0,1,3.58351898193359,2.4849066734314,16,0,-8
18.89,8.29825592041016,10.5917444229126,0,17,12.5627374649048,12.7883214950562,26,20,0,1,2,1,0,0,0,0,0,0,0,0,1,1,0,0,2.93863272666931,676,1,1,1,5.87726545333862,3.63177990913391,34,0,-17
6.67,5.59145927429199,1.07854056358337,0,12,12.5627374649048,12.7883214950562,35,10,0,0,0,1,0,0,0,0,0,0,0,0,0,0,0,0,1.89761984348297,1225,0,0,1,3.79523968696594,2.59076714515686,24,0,-12
6.88,6.13281869888306,0.747181296348572,0,13,12.5627374649048,12.7883214950562,34,21,0,1,0,0,0,1,0,0,0,0,0,1,0,1,0,0,1.92861866950989,1156,0,0,1,3.85723733901978,2.62176585197449,26,0,-13
8.8,7.75689649581909,1.04310357570648,0,16,12.5627374649048,12.7883214950562,9,1,0,1,0,0,0,1,0,0,0,0,0,0,1,1,0,0,2.17475175857544,81,1,1,1,4.34950351715088,2.86789894104004,32,0,-16
6.76,5.59145927429199,1.16854059696198,0,12,12.5627374649048,12.7883214950562,19,3,1,1,2,1,0,0,0,0,1,0,0,0,0,0,0,0,1.91102290153503,361,0,0,1,3.82204580307007,2.60417008399963,24,0,-12
5,7.21553707122803,-2.21553730964661,0,15,12.5627374649048,12.7883214950562,15,0,0,0,0,1,0,1,0,0,0,0,1,0,0,1,0,0,1.60943794250488,225,0,0,1,3.21887588500977,2.30258512496948,30,0,-15
7.5,5.59145927429199,1.90854060649872,0,12,12.5627374649048,12.7883214950562,11,7,0,1,1,1,0,0,0,0,0,0,0,0,0,0,0,0,2.01490306854248,121,0,0,1,4.02980613708496,2.70805025100708,24,0,-12
3,6.13281869888306,-3.13281869888306,0,13,12.5627374649048,12.7883214950562,3,1,0,0,0,1,0,1,0,0,0,0,1,0,0,0,0,0,1.0986123085022,9,0,0,1,2.19722461700439,1.7917594909668,26,0,-13
4.5,5.05010032653809,-0.550100147724152,0,11,12.5627374649048,12.7883214950562,37,10,0,1,2,1,0,1,0,0,1,0,0,0,0,0,0,0,1.5040774345398,1369,0,0,1,3.00815486907959,2.19722461700439,22,0,-11
3.75,4.50874090194702,-0.758740901947022,0,10,12.5627374649048,12.7883214950562,15,0,0,0,0,1,0,0,0,0,0,0,1,0,0,0,0,0,1.32175588607788,225,0,0,1,2.64351177215576,2.01490306854248,20,0,-10
8.43,3.42602229118347,5.00397777557373,0,8,12.5627374649048,12.7883214950562,27,3,0,1,3,1,0,1,0,0,1,0,0,0,0,0,0,0,2.13179683685303,729,0,0,1,4.26359367370606,2.82494401931763,16,0,-8
6.25,7.75689649581909,-1.50689649581909,0,16,12.5627374649048,12.7883214950562,5,0,0,1,0,1,0,0,0,0,1,0,0,0,0,1,0,0,1.83258152008057,25,1,1,1,3.66516304016113,2.52572870254517,32,0,-16
3.5,6.67417812347412,-3.17417788505554,0,14,12.5627374649048,12.7883214950562,18,2,0,1,1,0,1,0,0,0,0,0,1,0,0,1,0,0,1.25276291370392,324,0,0,1,2.50552582740784,1.94591009616852,28,0,-14
4.55,5.59145927429199,-1.041459441185,0,12,12.5627374649048,12.7883214950562,11,0,0,1,0,0,1,0,0,0,0,0,0,0,0,0,0,0,1.51512718200684,121,0,0,1,3.03025436401367,2.20827436447144,24,0,-12
11.25,8.83961486816406,2.41038513183594,0,18,12.5627374649048,12.7883214950562,15,7,0,0,0,1,0,0,1,0,0,0,1,0,0,1,0,0,2.42036819458008,225,1,1,1,4.84073638916016,3.11351537704468,36,0,-18
5.78,7.75689649581909,-1.97689640522003,0,16,12.5627374649048,12.7883214950562,11,4,0,1,2,1,1,0,0,0,1,0,0,0,0,1,0,0,1.7544037103653,121,1,1,1,3.50880742073059,2.44755077362061,32,0,-16
3,5.05010032653809,-2.05010008811951,0,11,12.5627374649048,12.7883214950562,2,0,0,0,2,0,0,0,1,0,0,0,1,0,0,0,0,0,1.0986123085022,4,0,0,1,2.19722461700439,1.7917594909668,22,0,-11
4.55,7.75689649581909,-3.20689654350281,0,16,12.5627374649048,12.7883214950562,34,2,0,1,0,0,0,1,0,0,0,0,0,0,1,1,0,0,1.51512718200684,1156,1,1,1,3.03025436401367,2.20827436447144,32,0,-16
4.5,5.59145927429199,-1.09145939350128,0,12,12.5627374649048,12.7883214950562,3,0,0,0,0,1,0,0,1,0,0,0,0,0,0,0,0,0,1.5040774345398,9,0,0,1,3.00815486907959,2.19722461700439,24,0,-12
4.5,5.59145927429199,-1.09145939350128,0,12,12.5627374649048,12.7883214950562,13,0,0,1,0,1,0,0,1,0,0,0,0,0,0,0,0,0,1.5040774345398,169,0,0,1,3.00815486907959,2.19722461700439,24,0,-12
3.25,5.59145927429199,-2.34145951271057,0,12,12.5627374649048,12.7883214950562,4,0,0,0,0,1,0,0,0,0,0,0,0,1,0,0,0,0,1.1786550283432,16,0,0,1,2.3573100566864,1.8718022108078,24,0,-12
11.76,6.67417812347412,5.08582210540772,0,14,12.5627374649048,12.7883214950562,40,39,0,1,0,1,0,0,0,0,0,1,0,0,0,1,0,0,2.46470403671265,1600,0,0,1,4.92940807342529,3.15785121917725,28,0,-14
11.82,7.75689649581909,4.06310367584229,0,16,12.5627374649048,12.7883214950562,35,13,0,1,0,1,0,0,1,0,0,1,0,0,0,1,0,0,2.46979308128357,1225,1,1,1,4.93958616256714,3.16294026374817,32,0,-16
4.91,5.59145927429199,-0.681459426879883,0,12,12.5627374649048,12.7883214950562,17,8,0,1,2,1,0,0,0,0,0,0,0,0,0,0,0,0,1.59127390384674,289,0,0,1,3.18254780769348,2.28442120552063,24,0,-12
5,6.67417812347412,-1.67417800426483,0,14,12.5627374649048,12.7883214950562,19,5,0,1,4,1,0,1,0,0,0,0,1,0,0,0,0,0,1.60943794250488,361,0,0,1,3.21887588500977,2.30258512496948,28,0,-14
3.75,8.83961486816406,-5.08961486816406,0,18,12.5627374649048,12.7883214950562,1,2,0,0,1,1,1,0,0,0,0,0,0,0,1,1,0,0,1.32175588607788,1,1,1,1,2.64351177215576,2.01490306854248,36,0,-18
4.5,5.05010032653809,-0.550100147724152,0,11,12.5627374649048,12.7883214950562,3,9,0,0,0,1,0,1,0,1,0,0,0,0,0,0,0,0,1.5040774345398,9,0,0,1,3.00815486907959,2.19722461700439,22,0,-11
5.5,5.59145927429199,-0.0914594307541847,0,12,12.5627374649048,12.7883214950562,18,3,0,0,0,1,0,0,1,0,0,0,0,0,0,0,0,0,1.70474803447723,324,0,0,1,3.40949606895447,2.39789533615112,24,0,-12
13.7,7.21553707122803,6.48446273803711,0,15,12.5627374649048,12.7883214950562,20,13,0,1,2,1,0,0,1,0,0,0,0,0,1,1,0,0,2.61739587783813,400,0,0,1,5.23479175567627,3.31054306030273,30,0,-15
5.5,5.59145927429199,-0.0914594307541847,0,12,12.5627374649048,12.7883214950562,9,4,0,1,1,0,0,1,0,0,0,0,1,0,0,0,0,0,1.70474803447723,81,0,0,1,3.40949606895447,2.39789533615112,24,0,-12
9.56,7.75689649581909,1.80310356616974,0,16,12.5627374649048,12.7883214950562,3,3,1,1,1,1,0,0,1,0,1,0,0,0,0,1,0,0,2.25758767127991,9,1,1,1,4.51517534255981,2.95073485374451,32,0,-16
3.8,7.21553707122803,-3.41553711891174,0,15,12.5627374649048,12.7883214950562,6,1,0,1,1,1,0,1,0,0,0,0,1,0,0,0,0,0,1.33500111103058,36,0,0,1,2.67000222206116,2.02814817428589,30,0,-15
5.6,5.05010032653809,0.549899816513062,0,11,12.5627374649048,12.7883214950562,11,8,0,1,2,0,0,1,0,0,0,0,0,0,0,0,1,0,1.72276663780212,121,0,0,1,3.44553327560425,2.41591382026672,22,0,-11
8.75,7.75689649581909,0.993103563785553,0,16,12.5627374649048,12.7883214950562,3,2,0,1,1,1,1,0,0,0,1,0,0,0,0,1,0,0,2.16905379295349,9,1,1,1,4.33810758590698,2.86220097541809,32,0,-16
3.95,2.3433039188385,1.60669612884521,0,6,12.5627374649048,12.7883214950562,49,6,0,1,6,0,0,1,0,0,0,0,0,0,0,0,0,0,1.37371551990509,2401,0,0,1,2.74743103981018,2.06686282157898,12,0,-6
11.11,5.59145927429199,5.51854038238525,0,12,12.5627374649048,12.7883214950562,30,8,0,1,0,1,1,0,0,0,0,0,1,0,0,1,0,0,2.40784549713135,900,0,0,1,4.8156909942627,3.10099267959595,24,0,-12
8.92,8.83961486816406,0.0803850218653679,0,18,12.5627374649048,12.7883214950562,3,3,0,1,0,1,0,1,0,0,0,0,1,0,0,1,0,0,2.18829584121704,9,1,1,1,4.37659168243408,2.88144302368164,36,0,-18
10.91,5.59145927429199,5.31854057312012,0,12,12.5627374649048,12.7883214950562,25,23,0,0,0,1,0,1,0,0,0,1,0,0,0,0,0,0,2.38967990875244,625,0,0,1,4.77935981750488,3.08282709121704,24,0,-12
8.75,5.59145927429199,3.15854048728943,0,12,12.5627374649048,12.7883214950562,4,4,0,1,0,1,0,1,0,0,0,0,0,0,1,0,1,0,2.16905379295349,16,0,0,1,4.33810758590698,2.86220097541809,24,0,-12
8.75,5.59145927429199,3.15854048728943,0,12,12.5627374649048,12.7883214950562,24,1,0,0,0,1,1,0,0,0,1,0,0,0,0,1,0,0,2.16905379295349,576,0,0,1,4.33810758590698,2.86220097541809,24,0,-12
10,3.42602229118347,6.57397747039795,0,8,12.5627374649048,12.7883214950562,9,0,0,1,0,1,1,0,0,1,0,0,0,0,0,0,0,0,2.30258512496948,81,0,0,1,4.60517024993897,2.99573230743408,16,0,-8
3,5.59145927429199,-2.59145951271057,0,12,12.5627374649048,12.7883214950562,1,0,1,0,0,1,0,1,0,0,0,0,0,1,0,0,0,0,1.0986123085022,1,0,0,1,2.19722461700439,1.7917594909668,24,0,-12
5,6.67417812347412,-1.67417800426483,0,14,12.5627374649048,12.7883214950562,15,5,0,1,2,0,0,1,0,0,0,0,1,0,0,1,0,0,1.60943794250488,225,0,0,1,3.21887588500977,2.30258512496948,28,0,-14
10,8.29825592041016,1.70174431800842,0,17,12.5627374649048,12.7883214950562,5,3,0,1,0,1,1,0,0,0,0,0,0,0,0,1,0,0,2.30258512496948,25,1,1,1,4.60517024993897,2.99573230743408,34,0,-17
9.05,5.59145927429199,3.45854067802429,0,12,12.5627374649048,12.7883214950562,10,2,0,1,3,1,1,0,0,1,0,0,0,0,0,1,0,0,2.20276474952698,100,0,0,1,4.40552949905396,2.89591193199158,24,0,-12
8.18,6.13281869888306,2.04718136787415,0,13,12.5627374649048,12.7883214950562,21,5,0,0,0,1,0,0,1,0,0,0,1,0,0,1,0,0,2.10169219970703,441,0,0,1,4.20338439941406,2.79483938217163,26,0,-13
11.25,8.29825592041016,2.95174431800842,0,17,12.5627374649048,12.7883214950562,28,25,0,1,1,1,0,1,0,0,1,0,0,0,0,0,0,0,2.42036819458008,784,1,1,1,4.84073638916016,3.11351537704468,34,0,-17
6.5,4.50874090194702,1.99125909805298,0,10,12.5627374649048,12.7883214950562,14,11,0,1,3,0,0,1,0,0,0,0,1,0,0,0,0,0,1.8718022108078,196,0,0,1,3.7436044216156,2.56494927406311,20,0,-10
5.9,5.59145927429199,0.30854058265686,0,12,12.5627374649048,12.7883214950562,14,7,1,1,2,1,0,1,0,0,0,0,0,1,0,0,0,0,1.77495229244232,196,0,0,1,3.54990458488464,2.46809959411621,24,0,-12
7.5,5.59145927429199,1.90854060649872,0,12,12.5627374649048,12.7883214950562,18,5,0,1,2,0,0,0,1,0,0,0,1,0,0,0,0,0,2.01490306854248,324,0,0,1,4.02980613708496,2.70805025100708,24,0,-12
3.15,5.59145927429199,-2.44145941734314,0,12,12.5627374649048,12.7883214950562,26,1,0,1,0,1,1,0,0,0,0,0,1,0,0,1,0,0,1.14740240573883,676,0,0,1,2.29480481147766,1.84054958820343,24,0,-12
2.9,2.3433039188385,0.556696116924286,0,6,12.5627374649048,12.7883214950562,49,7,0,1,0,0,0,1,0,0,0,0,0,0,0,0,0,1,1.06471073627472,2401,0,0,1,2.12942147254944,1.75785791873932,12,0,-6
5,3.96738171577454,1.03261840343475,0,9,12.5627374649048,12.7883214950562,31,9,1,1,6,0,0,1,0,0,0,0,0,0,0,0,0,0,1.60943794250488,961,0,0,1,3.21887588500977,2.30258512496948,18,0,-9
10,5.59145927429199,4.40854072570801,0,12,12.5627374649048,12.7883214950562,31,2,0,1,0,1,0,1,0,0,0,0,1,0,0,1,0,0,2.30258512496948,961,0,0,1,4.60517024993897,2.99573230743408,24,0,-12
8.75,5.59145927429199,3.15854048728943,0,12,12.5627374649048,12.7883214950562,47,44,0,1,0,0,0,0,0,0,0,0,0,0,0,0,0,0,2.16905379295349,2209,0,0,1,4.33810758590698,2.86220097541809,24,0,-12
6.46,5.59145927429199,0.868540585041046,0,12,12.5627374649048,12.7883214950562,27,0,0,1,3,0,1,0,0,0,0,0,0,0,0,0,0,0,1.86562931537628,729,0,0,1,3.73125863075256,2.55877661705017,24,0,-12
12.5,7.21553707122803,5.28446292877197,0,15,12.5627374649048,12.7883214950562,30,0,0,1,2,1,0,0,1,0,0,0,0,0,0,1,0,0,2.52572870254517,900,0,0,1,5.05145740509033,3.21887588500977,30,0,-15
3.75,0.177866846323013,3.57213306427002,0,2,12.5627374649048,12.7883214950562,39,13,0,1,0,1,0,1,0,0,0,0,0,0,1,0,0,1,1.32175588607788,1521,0,0,1,2.64351177215576,2.01490306854248,4,0,-2
13.08,8.29825592041016,4.78174448013306,0,17,12.5627374649048,12.7883214950562,17,2,1,1,3,1,0,0,0,0,0,0,0,0,1,1,0,0,2.57108426094055,289,1,1,1,5.1421685218811,3.26423144340515,34,0,-17
3.85,7.75689649581909,-3.90689635276794,0,16,12.5627374649048,12.7883214950562,5,0,0,1,0,1,1,0,0,0,0,0,1,0,0,0,0,0,1.34807312488556,25,1,1,1,2.69614624977112,2.04122042655945,32,0,-16
10.95,7.75689649581909,3.19310355186462,0,16,12.5627374649048,12.7883214950562,23,20,0,1,4,1,0,1,0,0,1,0,0,0,0,1,0,0,2.39333939552307,529,1,1,1,4.78667879104614,3.08648657798767,32,0,-16
10,3.42602229118347,6.57397747039795,0,8,12.5627374649048,12.7883214950562,13,0,1,0,0,1,0,0,0,0,0,0,1,0,0,0,0,0,2.30258512496948,169,0,0,1,4.60517024993897,2.99573230743408,16,0,-8
7.5,7.75689649581909,-0.256896466016769,0,16,12.5627374649048,12.7883214950562,11,0,0,1,0,1,1,0,0,0,0,0,0,1,0,1,0,0,2.01490306854248,121,1,1,1,4.02980613708496,2.70805025100708,32,0,-16
2.95,6.67417812347412,-3.72417783737183,0,14,12.5627374649048,12.7883214950562,41,23,1,1,0,0,1,0,0,0,0,0,0,0,1,1,0,0,1.08180522918701,1681,0,0,1,2.16361045837402,1.77495229244232,28,0,-14
6.08,7.75689649581909,-1.67689645290375,0,16,12.5627374649048,12.7883214950562,42,10,0,0,0,0,1,0,0,0,0,0,1,0,0,1,0,0,1.80500471591949,1764,1,1,1,3.61000943183899,2.4981517791748,32,0,-16
5.95,5.05010032653809,0.899899840354919,0,11,12.5627374649048,12.7883214950562,15,9,1,1,1,0,0,1,0,1,0,0,0,0,0,0,0,0,1.78339123725891,225,0,0,1,3.56678247451782,2.47653841972351,22,0,-11
7.14,8.83961486816406,-1.69961500167847,0,18,12.5627374649048,12.7883214950562,13,0,0,1,2,1,0,0,0,0,0,0,0,0,1,1,0,0,1.96571278572083,169,1,1,1,3.93142557144165,2.65885996818543,36,0,-18
1.5,3.42602229118347,-1.92602241039276,0,8,12.5627374649048,12.7883214950562,31,30,0,0,0,0,0,1,0,0,0,0,1,0,0,0,0,0,0.405465096235275,961,0,0,1,0.810930192470551,1.0986123085022,16,0,-8
3.52,5.59145927429199,-2.07145953178406,0,12,12.5627374649048,12.7883214950562,48,1,0,1,0,0,0,1,0,0,0,0,0,0,1,0,0,0,1.25846099853516,2304,0,0,1,2.51692199707031,1.95160818099976,24,0,-12
8,5.59145927429199,2.40854048728943,0,12,12.5627374649048,12.7883214950562,17,6,0,1,2,0,0,1,0,0,0,0,1,0,0,1,0,0,2.0794415473938,289,0,0,1,4.1588830947876,2.7725887298584,24,0,-12
3.91,8.83961486816406,-4.92961502075195,0,18,12.5627374649048,12.7883214950562,17,3,0,1,2,0,0,1,0,0,0,0,0,0,1,1,0,0,1.36353743076324,289,1,1,1,2.72707486152649,2.05668449401855,36,0,-18
6.08,7.75689649581909,-1.67689645290375,0,16,12.5627374649048,12.7883214950562,9,0,0,0,0,0,0,1,0,0,0,0,0,1,0,1,0,0,1.80500471591949,81,1,1,1,3.61000943183899,2.4981517791748,32,0,-16
6.36,7.75689649581909,-1.39689648151398,0,16,12.5627374649048,12.7883214950562,25,0,0,1,1,1,0,1,0,0,1,0,0,0,0,1,0,0,1.85002839565277,625,1,1,1,3.70005679130554,2.54317545890808,32,0,-16
6.5,5.59145927429199,0.908540546894074,0,12,12.5627374649048,12.7883214950562,33,2,0,1,0,0,1,0,0,0,0,0,0,0,0,0,0,0,1.8718022108078,1089,0,0,1,3.7436044216156,2.56494927406311,24,0,-12
4.75,5.59145927429199,-0.841459453105927,0,12,12.5627374649048,12.7883214950562,19,0,0,1,3,0,0,1,0,0,0,0,0,0,0,0,0,0,1.55814456939697,361,0,0,1,3.11628913879395,2.25129175186157,24,0,-12
3.5,3.42602229118347,0.0739776045084,0,8,12.5627374649048,12.7883214950562,4,0,0,0,3,1,0,0,0,0,0,0,1,0,0,0,0,1,1.25276291370392,16,0,0,1,2.50552582740784,1.94591009616852,16,0,-8
3.64,5.59145927429199,-1.9514594078064,0,12,12.5627374649048,12.7883214950562,7,2,0,0,0,1,0,1,0,0,0,0,0,0,1,0,0,1,1.29198372364044,49,0,0,1,2.58396744728088,1.98513090610504,24,0,-12
4,5.59145927429199,-1.59145939350128,0,12,12.5627374649048,12.7883214950562,22,3,0,1,3,0,0,1,0,0,1,0,0,0,0,0,0,0,1.3862943649292,484,0,0,1,2.7725887298584,2.0794415473938,24,0,-12
6.25,7.75689649581909,-1.50689649581909,0,16,12.5627374649048,12.7883214950562,4,3,0,1,0,0,0,0,1,0,0,1,0,0,0,0,0,1,1.83258152008057,16,1,1,1,3.66516304016113,2.52572870254517,32,0,-16
2.92,0.719226121902466,2.20077395439148,0,3,12.5627374649048,12.7883214950562,51,30,1,0,0,1,0,1,0,0,0,0,0,1,0,0,0,1,1.07158362865448,2601,0,0,1,2.14316725730896,1.76473081111908,6,0,-3
5.52,6.13281869888306,-0.612818658351898,0,13,12.5627374649048,12.7883214950562,31,3,0,0,0,1,0,1,0,0,0,0,1,0,0,0,0,0,1.70837783813477,961,0,0,1,3.41675567626953,2.40152502059937,26,0,-13
6.11,6.67417812347412,-0.564177930355072,0,14,12.5627374649048,12.7883214950562,15,0,0,1,2,1,0,0,0,0,0,0,1,0,0,1,0,0,1.80992674827576,225,0,0,1,3.61985349655151,2.50307393074036,28,0,-14
5.4,5.59145927429199,-0.191459432244301,0,12,12.5627374649048,12.7883214950562,6,3,0,1,0,1,0,0,0,0,0,0,0,1,0,0,0,0,1.68639898300171,36,0,0,1,3.37279796600342,2.37954616546631,24,0,-12
5.25,5.59145927429199,-0.341459423303604,0,12,12.5627374649048,12.7883214950562,4,0,1,0,0,1,1,0,0,0,1,0,0,0,0,0,1,0,1.65822803974152,16,0,0,1,3.31645607948303,2.35137534141541,24,0,-12
9.09,7.21553707122803,1.87446284294128,0,15,12.5627374649048,12.7883214950562,11,12,0,1,1,1,0,0,1,0,0,1,0,0,0,1,0,0,2.2071750164032,121,0,0,1,4.4143500328064,2.9003221988678,30,0,-15
12.5,6.67417812347412,5.82582187652588,0,14,12.5627374649048,12.7883214950562,40,30,0,1,0,1,1,0,0,0,0,0,0,0,0,1,0,0,2.52572870254517,1600,0,0,1,5.05145740509033,3.21887588500977,28,0,-14
4.33,8.83961486816406,-4.50961494445801,0,18,12.5627374649048,12.7883214950562,1,0,0,0,0,1,0,0,0,0,0,0,1,0,0,1,0,0,1.46556758880615,1,1,1,1,2.9311351776123,2.15871477127075,36,0,-18
8.33,7.75689649581909,0.573103547096252,0,16,12.5627374649048,12.7883214950562,6,2,0,1,0,1,0,0,1,0,0,1,0,0,0,0,1,0,2.11986351013184,36,1,1,1,4.23972702026367,2.81301069259644,32,0,-16
2.5,5.59145927429199,-3.09145951271057,0,12,12.5627374649048,12.7883214950562,2,0,0,0,2,0,0,0,0,0,0,0,0,0,0,0,0,0,0.916290760040283,4,0,0,1,1.83258152008057,1.60943794250488,24,0,-12
2.9,5.05010032653809,-2.15010023117065,0,11,12.5627374649048,12.7883214950562,1,2,1,0,2,0,0,1,0,0,0,0,1,0,0,0,0,1,1.06471073627472,1,0,0,1,2.12942147254944,1.75785791873932,22,0,-11
6.88,8.83961486816406,-1.95961499214172,0,18,12.5627374649048,12.7883214950562,4,4,0,0,0,1,1,0,0,0,0,0,0,0,1,1,0,0,1.92861866950989,16,1,1,1,3.85723733901978,2.62176585197449,36,0,-18
3,7.21553707122803,-4.21553707122803,0,15,12.5627374649048,12.7883214950562,32,0,0,1,0,1,0,1,0,0,0,0,0,1,0,0,0,1,1.0986123085022,1024,0,0,1,2.19722461700439,1.7917594909668,30,0,-15
22.86,7.75689649581909,15.1031036376953,0,16,12.5627374649048,12.7883214950562,16,7,0,1,2,1,0,0,0,0,0,0,0,0,0,1,0,0,3.12938857078552,256,1,1,1,6.25877714157105,3.82253575325012,32,0,-16
3.65,6.67417812347412,-3.02417802810669,0,14,12.5627374649048,12.7883214950562,9,2,0,0,0,1,0,0,1,0,0,0,1,0,0,1,0,0,1.29472720623016,81,0,0,1,2.58945441246033,1.98787438869476,28,0,-14
3.08,5.59145927429199,-2.51145935058594,0,12,12.5627374649048,12.7883214950562,3,1,0,0,0,0,0,0,0,0,0,0,0,0,1,1,0,0,1.12492954730988,9,0,0,1,2.24985909461975,1.81807672977448,24,0,-12
5.91,5.59145927429199,0.318540573120117,0,12,12.5627374649048,12.7883214950562,14,6,0,1,2,0,0,0,0,0,0,1,0,0,0,0,0,0,1.77664577960968,196,0,0,1,3.55329155921936,2.46979308128357,24,0,-12
10,5.59145927429199,4.40854072570801,0,12,12.5627374649048,12.7883214950562,25,3,0,1,3,1,0,0,0,0,0,0,0,0,1,1,0,0,2.30258512496948,625,0,0,1,4.60517024993897,2.99573230743408,24,0,-12
8.5,3.42602229118347,5.07397747039795,0,8,12.5627374649048,12.7883214950562,38,26,0,0,0,1,1,0,0,0,0,0,0,0,0,0,0,0,2.14006614685059,1444,0,0,1,4.28013229370117,2.83321332931519,16,0,-8
10,8.83961486816406,1.16038501262665,0,18,12.5627374649048,12.7883214950562,9,8,0,0,0,0,1,0,0,0,0,1,0,0,0,1,0,0,2.30258512496948,81,1,1,1,4.60517024993897,2.99573230743408,36,0,-18
5.3,5.59145927429199,-0.291459441184998,0,12,12.5627374649048,12.7883214950562,7,2,0,1,1,0,0,0,1,0,0,0,0,0,0,0,0,0,1.66770684719086,49,0,0,1,3.33541369438171,2.36085391044617,24,0,-12
19.98,6.67417812347412,13.3058223724365,0,14,12.5627374649048,12.7883214950562,26,23,0,1,2,1,0,0,0,0,0,0,0,0,0,1,0,0,2.99473166465759,676,0,0,1,5.98946332931519,3.68787884712219,28,0,-14
4.38,7.75689649581909,-3.37689638137817,0,16,12.5627374649048,12.7883214950562,7,0,0,0,0,1,0,0,0,0,0,0,1,0,0,0,0,1,1.47704875469208,49,1,1,1,2.95409750938416,2.17019581794739,32,0,-16
3.75,5.59145927429199,-1.84145939350128,0,12,12.5627374649048,12.7883214950562,11,0,0,0,1,1,0,1,0,0,0,0,0,0,0,0,0,0,1.32175588607788,121,0,0,1,2.64351177215576,2.01490306854248,24,0,-12
5.75,6.67417812347412,-0.924177944660187,0,14,12.5627374649048,12.7883214950562,6,5,0,1,0,1,0,0,0,0,0,0,1,0,0,1,0,0,1.74919986724854,36,0,0,1,3.49839973449707,2.44234704971313,28,0,-14
5.71,7.75689649581909,-2.04689645767212,0,16,12.5627374649048,12.7883214950562,10,5,0,1,1,1,0,0,0,0,0,0,0,0,1,1,0,0,1.74221897125244,100,1,1,1,3.48443794250488,2.43536615371704,32,0,-16
6.88,5.59145927429199,1.28854060173035,0,12,12.5627374649048,12.7883214950562,31,19,0,1,3,1,1,0,0,0,0,0,0,0,1,0,0,1,1.92861866950989,961,0,0,1,3.85723733901978,2.62176585197449,24,0,-12
9.85,3.42602229118347,6.42397737503052,0,8,12.5627374649048,12.7883214950562,40,24,1,1,2,1,0,0,0,0,0,0,0,0,0,0,0,0,2.28747153282166,1600,0,0,1,4.57494306564331,2.98061871528626,16,0,-8
4.5,6.67417812347412,-2.17417788505554,0,14,12.5627374649048,12.7883214950562,5,0,0,1,0,1,1,0,0,1,0,0,0,0,0,1,0,0,1.5040774345398,25,0,0,1,3.00815486907959,2.19722461700439,28,0,-14
2,3.96738171577454,-1.96738159656525,0,9,12.5627374649048,12.7883214950562,2,0,0,0,3,0,1,0,0,0,0,0,1,0,0,0,0,1,0.6931471824646,4,0,0,1,1.3862943649292,1.3862943649292,18,0,-9
5.11,5.05010032653809,0.0598998293280602,0,11,12.5627374649048,12.7883214950562,3,0,0,0,0,1,0,0,1,1,0,0,0,0,0,0,0,0,1.6311993598938,9,0,0,1,3.2623987197876,2.3243465423584,22,0,-11
6.25,4.50874090194702,1.74125909805298,0,10,12.5627374649048,12.7883214950562,36,8,0,0,0,1,0,0,0,0,0,0,1,0,0,0,0,1,1.83258152008057,1296,0,0,1,3.66516304016113,2.52572870254517,20,0,-10
4.67,7.21553707122803,-2.54553723335266,0,15,12.5627374649048,12.7883214950562,13,18,0,1,3,0,0,0,1,1,0,0,0,0,0,1,0,0,1.54115903377533,169,0,0,1,3.08231806755066,2.23430633544922,30,0,-15
10,6.67417812347412,3.32582211494446,0,14,12.5627374649048,12.7883214950562,43,4,0,1,0,1,1,0,0,0,0,0,0,0,1,1,0,0,2.30258512496948,1849,0,0,1,4.60517024993897,2.99573230743408,28,0,-14
12.39,6.67417812347412,5.71582221984863,0,14,12.5627374649048,12.7883214950562,42,5,0,0,0,1,0,0,0,0,0,0,0,0,1,1,0,0,2.51688981056213,1764,0,0,1,5.03377962112427,3.21003699302673,28,0,-14
8.75,7.75689649581909,0.993103563785553,0,16,12.5627374649048,12.7883214950562,1,2,1,0,0,1,1,0,0,0,0,0,0,0,0,1,0,0,2.16905379295349,1,1,1,1,4.33810758590698,2.86220097541809,32,0,-16
4.68,7.75689649581909,-3.07689642906189,0,16,12.5627374649048,12.7883214950562,1,0,0,0,0,1,0,1,0,0,1,0,0,0,0,1,0,0,1.54329812526703,1,1,1,1,3.08659625053406,2.23644518852234,32,0,-16
1.75,5.05010032653809,-3.30010008811951,0,11,12.5627374649048,12.7883214950562,2,1,0,0,2,1,0,0,1,0,0,0,1,0,0,0,0,1,0.559615790843964,4,0,0,1,1.11923158168793,1.25276291370392,22,0,-11
8.43,7.75689649581909,0.673103511333466,0,16,12.5627374649048,12.7883214950562,8,6,0,1,0,1,0,1,0,0,1,0,0,0,0,1,0,0,2.13179683685303,64,1,1,1,4.26359367370606,2.82494401931763,32,0,-16
8.75,7.75689649581909,0.993103563785553,0,16,12.5627374649048,12.7883214950562,9,8,0,1,0,1,0,0,1,0,0,0,0,0,1,1,0,0,2.16905379295349,81,1,1,1,4.33810758590698,2.86220097541809,32,0,-16
3.5,5.59145927429199,-2.09145951271057,0,12,12.5627374649048,12.7883214950562,3,0,0,0,0,1,0,0,0,0,0,0,1,0,0,0,0,1,1.25276291370392,9,0,0,1,2.50552582740784,1.94591009616852,24,0,-12
8.45,5.59145927429199,2.85854053497314,0,12,12.5627374649048,12.7883214950562,19,13,0,1,4,1,0,0,0,0,0,0,0,0,0,0,0,0,2.13416647911072,361,0,0,1,4.26833295822144,2.82731366157532,24,0,-12
7.78,7.75689649581909,0.0231035389006138,0,16,12.5627374649048,12.7883214950562,11,10,0,1,1,1,0,0,1,0,0,1,0,0,0,0,0,0,2.05155634880066,121,1,1,1,4.10311269760132,2.74470353126526,32,0,-16
6.25,7.75689649581909,-1.50689649581909,0,16,12.5627374649048,12.7883214950562,9,2,0,1,1,0,1,0,0,0,0,0,0,0,1,1,0,0,1.83258152008057,81,1,1,1,3.66516304016113,2.52572870254517,32,0,-16
22.2,5.59145927429199,16.6085414886475,0,12,12.5627374649048,12.7883214950562,31,15,0,1,1,1,0,0,1,0,0,0,0,0,0,1,0,0,3.10009217262268,961,0,0,1,6.20018434524536,3.79323935508728,24,0,-12
4.65,5.59145927429199,-0.94145941734314,0,12,12.5627374649048,12.7883214950562,27,2,0,1,3,1,0,1,0,0,0,0,0,0,0,0,0,1,1.53686726093292,729,0,0,1,3.07373452186584,2.23001432418823,24,0,-12
8,5.59145927429199,2.40854048728943,0,12,12.5627374649048,12.7883214950562,26,2,0,1,1,1,1,0,0,0,0,0,0,0,0,0,0,0,2.0794415473938,676,0,0,1,4.1588830947876,2.7725887298584,24,0,-12
6.25,7.75689649581909,-1.50689649581909,0,16,12.5627374649048,12.7883214950562,11,4,0,0,0,1,1,0,0,0,0,0,0,1,0,1,0,0,1.83258152008057,121,1,1,1,3.66516304016113,2.52572870254517,32,0,-16
15,5.05010032653809,9.94989967346191,0,11,12.5627374649048,12.7883214950562,35,31,0,1,0,0,0,1,0,0,1,0,0,0,0,0,0,0,2.70805025100708,1225,0,0,1,5.41610050201416,3.40119743347168,22,0,-11
10,7.75689649581909,2.24310350418091,0,16,12.5627374649048,12.7883214950562,9,3,1,1,2,1,0,1,0,0,0,0,0,0,0,1,0,0,2.30258512496948,81,1,1,1,4.60517024993897,2.99573230743408,32,0,-16
6,6.13281869888306,-0.132818683981895,0,13,12.5627374649048,12.7883214950562,8,0,0,1,2,1,1,0,0,0,0,0,0,0,1,0,0,1,1.7917594909668,64,0,0,1,3.58351898193359,2.4849066734314,26,0,-13
2.92,6.67417812347412,-3.75417804718018,0,14,12.5627374649048,12.7883214950562,1,3,0,0,0,1,0,0,0,0,0,0,0,0,1,0,1,0,1.07158362865448,1,0,0,1,2.14316725730896,1.76473081111908,28,0,-14
4.95,2.88466310501099,2.06533694267273,0,7,12.5627374649048,12.7883214950562,25,17,0,1,5,0,0,0,0,1,0,0,0,0,0,0,0,0,1.59938752651215,625,0,0,1,3.19877505302429,2.29253482818604,14,0,-7
5.7,7.75689649581909,-2.05689644813538,0,16,12.5627374649048,12.7883214950562,2,0,0,0,0,1,0,1,0,0,0,0,1,0,0,1,0,0,1.74046611785889,4,1,1,1,3.48093223571777,2.43361330032349,32,0,-16
17.71,7.75689649581909,9.95310306549072,0,16,12.5627374649048,12.7883214950562,10,3,0,1,1,1,0,0,1,1,0,0,0,0,0,1,0,0,2.8741295337677,100,1,1,1,5.7482590675354,3.5672767162323,32,0,-16
4.05,3.42602229118347,0.623977601528168,0,8,12.5627374649048,12.7883214950562,44,25,0,1,0,1,1,0,0,0,1,0,0,0,0,0,0,1,1.39871692657471,1936,0,0,1,2.79743385314941,2.09186410903931,16,0,-8
12.5,5.59145927429199,6.90854072570801,0,12,12.5627374649048,12.7883214950562,8,1,0,0,0,1,1,0,0,0,0,0,0,0,0,0,0,0,2.52572870254517,64,0,0,1,5.05145740509033,3.21887588500977,24,0,-12
3.88,5.59145927429199,-1.71145939826965,0,12,12.5627374649048,12.7883214950562,12,3,0,1,3,1,0,1,0,0,0,0,1,0,0,0,1,0,1.35583519935608,144,0,0,1,2.71167039871216,2.04898238182068,24,0,-12
14.38,8.29825592041016,6.08174419403076,0,17,12.5627374649048,12.7883214950562,10,9,1,1,1,0,0,1,0,0,1,0,0,0,0,1,0,0,2.66583824157715,100,1,1,1,5.3316764831543,3.35898542404175,34,0,-17
3,1.26058530807495,1.73941469192505,0,4,12.5627374649048,12.7883214950562,48,0,1,1,0,0,0,1,0,0,1,0,0,0,0,0,0,0,1.0986123085022,2304,0,0,1,2.19722461700439,1.7917594909668,8,0,-4
5.58,7.75689649581909,-2.17689657211304,0,16,12.5627374649048,12.7883214950562,1,1,0,1,0,1,0,0,0,0,0,0,0,0,1,0,1,0,1.71918880939484,1,1,1,1,3.43837761878967,2.41233587265015,32,0,-16
3.71,3.96738171577454,-0.257381647825241,0,9,12.5627374649048,12.7883214950562,14,7,0,1,2,0,0,1,0,0,1,0,0,0,0,0,0,0,1.31103181838989,196,0,0,1,2.62206363677979,2.00417900085449,18,0,-9
8,7.75689649581909,0.243103533983231,0,16,12.5627374649048,12.7883214950562,23,4,0,0,0,1,1,0,0,0,0,0,1,0,0,1,0,0,2.0794415473938,529,1,1,1,4.1588830947876,2.7725887298584,32,0,-16
4.5,5.59145927429199,-1.09145939350128,0,12,12.5627374649048,12.7883214950562,13,0,0,1,0,1,0,1,0,0,0,0,1,0,0,0,0,0,1.5040774345398,169,0,0,1,3.00815486907959,2.19722461700439,24,0,-12
4.44,3.42602229118347,1.0139776468277,0,8,12.5627374649048,12.7883214950562,29,11,0,1,3,0,0,1,0,0,0,0,1,0,0,1,0,0,1.49065434932709,841,0,0,1,2.98130869865418,2.18380165100098,16,0,-8
10.38,8.83961486816406,1.54038500785828,0,18,12.5627374649048,12.7883214950562,16,2,1,1,1,1,1,0,0,0,0,0,0,0,1,1,0,0,2.33988094329834,256,1,1,1,4.67976188659668,3.03302812576294,36,0,-18
13.16,5.59145927429199,7.56854057312012,0,12,12.5627374649048,12.7883214950562,34,22,0,1,0,1,0,0,0,0,0,0,1,0,0,1,0,0,2.57718181610107,1156,0,0,1,5.15436363220215,3.27032899856567,24,0,-12
2.6,3.96738171577454,-1.36738169193268,0,9,12.5627374649048,12.7883214950562,4,0,0,0,1,0,0,0,1,0,0,0,1,0,0,0,0,0,0.955511450767517,16,0,0,1,1.91102290153503,1.64865863323212,18,0,-9
4,5.59145927429199,-1.59145939350128,0,12,12.5627374649048,12.7883214950562,9,0,0,0,0,1,0,1,0,0,0,0,0,0,1,1,0,0,1.3862943649292,81,0,0,1,2.7725887298584,2.0794415473938,24,0,-12
7.78,6.67417812347412,1.10582208633423,0,14,12.5627374649048,12.7883214950562,9,3,0,0,0,1,0,0,0,0,0,0,0,0,1,1,0,0,2.05155634880066,81,0,0,1,4.10311269760132,2.74470353126526,28,0,-14
3,4.50874090194702,-1.50874090194702,0,10,12.5627374649048,12.7883214950562,47,0,0,0,0,0,0,1,0,0,0,0,0,1,0,0,0,1,1.0986123085022,2209,0,0,1,2.19722461700439,1.7917594909668,20,0,-10
3.5,6.13281869888306,-2.63281869888306,1,13,12.5627374649048,12.3174600601196,2,0,0,0,0,1,0,0,0,0,0,0,1,0,0,1,0,0,1.25276291370392,4,0,0,0,2.50552582740784,1.94591009616852,26,13,0
3.5,5.59145927429199,-2.09145951271057,1,12,12.5627374649048,12.3174600601196,14,0,1,0,2,1,0,1,0,1,0,0,0,0,0,0,0,0,1.25276291370392,196,0,0,0,2.50552582740784,1.94591009616852,24,12,0
3.5,6.67417812347412,-3.17417788505554,1,14,12.5627374649048,12.3174600601196,5,0,0,1,0,0,0,1,0,0,0,0,0,0,1,0,1,0,1.25276291370392,25,0,0,0,2.50552582740784,1.94591009616852,28,14,0
3.33,5.59145927429199,-2.26145935058594,1,12,12.5627374649048,12.3174600601196,36,8,0,1,1,1,0,1,0,0,0,0,0,0,1,0,1,0,1.20297229290009,1296,0,0,0,2.40594458580017,1.89611947536469,24,12,0
2.53,5.59145927429199,-3.0614595413208,1,12,12.5627374649048,12.3174600601196,46,0,0,0,0,1,0,0,0,0,0,0,1,0,0,1,0,0,0.928219318389893,2116,0,0,0,1.85643863677979,1.62136650085449,24,12,0
4.2,7.75689649581909,-3.55689644813538,1,16,12.5627374649048,12.3174600601196,8,0,0,1,1,1,1,0,0,0,0,0,0,0,1,0,1,0,1.43508458137512,64,1,1,0,2.87016916275024,2.12823176383972,32,16,0
0.53,5.59145927429199,-5.0614595413208,1,12,12.5627374649048,12.3174600601196,3,1,0,0,0,1,0,0,1,0,0,0,0,1,0,0,0,1,-0.634878277778626,9,0,0,0,-1.26975655555725,0.0582689084112644,24,12,0
4.14,6.13281869888306,-1.99281871318817,1,13,12.5627374649048,12.3174600601196,29,0,0,1,0,1,0,1,0,0,0,0,1,0,0,0,1,0,1.42069578170776,841,0,0,0,2.84139156341553,2.11384296417236,26,13,0
8.02,8.83961486816406,-0.819614946842194,1,18,12.5627374649048,12.3174600601196,23,3,0,1,1,1,0,1,0,0,0,0,0,0,1,1,0,0,2.08193850517273,529,1,1,0,4.16387701034546,2.77508568763733,36,18,0
1.96,5.05010032653809,-3.09010028839111,1,11,12.5627374649048,12.3174600601196,38,3,1,0,0,0,0,1,0,0,0,0,0,1,0,0,0,0,0.672944486141205,1444,0,0,0,1.34588897228241,1.36609160900116,22,11,0
8,5.59145927429199,2.40854048728943,1,12,12.5627374649048,12.3174600601196,14,4,0,0,1,1,0,0,0,0,0,0,0,0,1,1,0,0,2.0794415473938,196,0,0,0,4.1588830947876,2.7725887298584,24,12,0
2.14,6.13281869888306,-3.99281859397888,1,13,12.5627374649048,12.3174600601196,34,15,1,1,0,1,0,1,0,0,0,0,0,1,0,0,0,0,0.76080584526062,1156,0,0,0,1.52161169052124,1.45395302772522,26,13,0
6.5,5.59145927429199,0.908540546894074,1,12,12.5627374649048,12.3174600601196,4,1,0,0,0,1,0,0,0,0,0,0,0,0,1,1,0,0,1.8718022108078,16,0,0,0,3.7436044216156,2.56494927406311,24,12,0
2.9,5.05010032653809,-2.15010023117065,1,11,12.5627374649048,12.3174600601196,1,0,0,0,1,1,1,0,0,0,0,0,1,0,0,1,0,0,1.06471073627472,1,0,0,0,2.12942147254944,1.75785791873932,22,11,0
6.25,5.59145927429199,0.658540546894074,1,12,12.5627374649048,12.3174600601196,13,0,0,1,0,1,1,0,0,0,0,0,0,0,1,0,1,0,1.83258152008057,169,0,0,0,3.66516304016113,2.52572870254517,24,12,0
3.26,7.75689649581909,-4.49689626693726,1,16,12.5627374649048,12.3174600601196,15,5,1,1,2,1,0,1,0,0,0,0,1,0,0,1,0,0,1.18172717094421,225,1,1,0,2.36345434188843,1.87487435340881,32,16,0
6.63,7.21553707122803,-0.585537195205689,1,15,12.5627374649048,12.3174600601196,21,3,0,1,2,0,0,0,1,0,0,0,0,0,1,1,0,0,1.89160478115082,441,0,0,0,3.78320956230164,2.58475208282471,30,15,0
3.5,8.83961486816406,-5.33961486816406,1,18,12.5627374649048,12.3174600601196,3,1,0,0,0,1,0,0,0,0,0,1,0,0,0,1,0,0,1.25276291370392,9,1,1,0,2.50552582740784,1.94591009616852,36,18,0
3.26,5.59145927429199,-2.33145952224731,1,12,12.5627374649048,12.3174600601196,13,3,0,1,1,1,0,0,0,0,0,0,1,0,0,1,0,0,1.18172717094421,169,0,0,0,2.36345434188843,1.87487435340881,24,12,0
5.71,6.13281869888306,-0.422818690538406,1,13,12.5627374649048,12.3174600601196,10,2,0,1,0,1,0,0,0,0,0,0,1,0,0,1,0,0,1.74221897125244,100,0,0,0,3.48443794250488,2.43536615371704,26,13,0
5.15,7.75689649581909,-2.60689640045166,1,16,12.5627374649048,12.3174600601196,39,21,0,0,0,1,0,0,1,0,0,0,0,0,1,0,1,0,1.63899672031403,1521,1,1,0,3.27799344062805,2.33214378356934,32,16,0
6.15,5.59145927429199,0.55854058265686,1,12,12.5627374649048,12.3174600601196,15,6,1,1,1,1,0,0,1,0,0,0,0,1,0,0,0,1,1.81645202636719,225,0,0,0,3.63290405273438,2.50959920883179,24,12,0
3.25,5.59145927429199,-2.34145951271057,1,12,12.5627374649048,12.3174600601196,14,2,0,1,2,0,0,1,0,0,0,1,0,0,0,0,1,0,1.1786550283432,196,0,0,0,2.3573100566864,1.8718022108078,24,12,0
4,5.59145927429199,-1.59145939350128,1,12,12.5627374649048,12.3174600601196,10,1,1,0,0,1,0,0,0,0,0,0,0,0,1,0,1,0,1.3862943649292,100,0,0,0,2.7725887298584,2.0794415473938,24,12,0
3.5,5.59145927429199,-2.09145951271057,1,12,12.5627374649048,12.3174600601196,7,6,1,1,0,0,1,0,0,0,0,0,0,0,0,0,0,0,1.25276291370392,49,0,0,0,2.50552582740784,1.94591009616852,24,12,0
3.25,5.59145927429199,-2.34145951271057,1,12,12.5627374649048,12.3174600601196,42,0,0,1,0,1,0,0,1,0,0,0,1,0,0,1,0,0,1.1786550283432,1764,0,0,0,2.3573100566864,1.8718022108078,24,12,0
8.65,8.83961486816406,-0.189614981412888,1,18,12.5627374649048,12.3174600601196,13,1,0,0,0,1,1,0,0,0,1,0,0,0,0,1,0,0,2.15755939483643,169,1,1,0,4.31511878967285,2.85070657730103,36,18,0
2.87,5.59145927429199,-2.72145938873291,1,12,12.5627374649048,12.3174600601196,45,8,0,1,0,0,1,0,0,0,0,0,1,0,0,1,0,0,1.05431199073792,2025,0,0,0,2.10862398147583,1.74745917320251,24,12,0
15,7.75689649581909,7.24310350418091,1,16,12.5627374649048,12.3174600601196,14,2,0,1,2,0,0,0,1,0,0,0,0,0,1,1,0,0,2.70805025100708,196,1,1,0,5.41610050201416,3.40119743347168,32,16,0
3.24,5.59145927429199,-2.35145950317383,1,12,12.5627374649048,12.3174600601196,22,2,0,1,3,1,0,0,1,0,0,0,0,1,0,0,0,1,1.17557334899902,484,0,0,0,2.35114669799805,1.86872053146362,24,12,0
2,5.59145927429199,-3.59145951271057,1,12,12.5627374649048,12.3174600601196,3,2,0,0,4,1,0,0,0,0,0,0,0,1,0,0,0,0,0.6931471824646,9,0,0,0,1.3862943649292,1.3862943649292,24,12,0
3.25,5.59145927429199,-2.34145951271057,1,12,12.5627374649048,12.3174600601196,14,0,0,1,1,1,0,0,0,0,0,0,0,0,1,0,1,0,1.1786550283432,196,0,0,0,2.3573100566864,1.8718022108078,24,12,0
3.05,5.59145927429199,-2.54145932197571,1,12,12.5627374649048,12.3174600601196,10,0,0,1,2,1,1,0,0,0,0,0,1,0,0,0,0,0,1.11514163017273,100,0,0,0,2.23028326034546,1.80828881263733,24,12,0
6.35,6.67417812347412,-0.324177950620651,1,14,12.5627374649048,12.3174600601196,10,1,0,1,2,1,0,1,0,0,0,0,0,0,0,0,0,0,1.8484548330307,100,0,0,0,3.6969096660614,2.54160189628601,28,14,0
3.71,4.50874090194702,-0.798740923404694,1,10,12.5627374649048,12.3174600601196,13,0,1,0,4,1,0,0,0,0,0,0,0,0,1,0,1,0,1.31103181838989,169,0,0,0,2.62206363677979,2.00417900085449,20,10,0
6.25,8.29825592041016,-2.04825568199158,1,17,12.5627374649048,12.3174600601196,4,0,0,0,0,1,0,0,1,0,0,0,1,0,0,1,0,0,1.83258152008057,16,1,1,0,3.66516304016113,2.52572870254517,34,17,0
3.2,5.59145927429199,-2.39145946502686,1,12,12.5627374649048,12.3174600601196,29,0,0,0,1,1,0,1,0,0,0,0,0,0,0,0,1,0,1.16315078735352,841,0,0,0,2.32630157470703,1.85629796981812,24,12,0
4,5.59145927429199,-1.59145939350128,1,12,12.5627374649048,12.3174600601196,8,0,0,1,2,0,1,0,0,0,0,0,1,0,0,1,0,0,1.3862943649292,64,0,0,0,2.7725887298584,2.0794415473938,24,12,0
4,5.59145927429199,-1.59145939350128,1,12,12.5627374649048,12.3174600601196,22,11,0,1,2,1,1,0,0,0,1,0,0,0,0,0,0,0,1.3862943649292,484,0,0,0,2.7725887298584,2.0794415473938,24,12,0
3,6.67417812347412,-3.67417788505554,1,14,12.5627374649048,12.3174600601196,3,2,0,0,0,1,1,0,0,0,0,0,0,0,1,0,0,1,1.0986123085022,9,0,0,0,2.19722461700439,1.7917594909668,28,14,0
3,5.59145927429199,-2.59145951271057,1,12,12.5627374649048,12.3174600601196,11,1,0,1,2,0,0,0,0,0,0,0,0,1,0,0,0,1,1.0986123085022,121,0,0,0,2.19722461700439,1.7917594909668,24,12,0
8,5.59145927429199,2.40854048728943,1,12,12.5627374649048,12.3174600601196,12,3,1,0,1,0,0,1,0,0,0,0,0,0,0,0,0,0,2.0794415473938,144,0,0,0,4.1588830947876,2.7725887298584,24,12,0
4.79,5.59145927429199,-0.801459431648254,1,12,12.5627374649048,12.3174600601196,12,3,0,1,3,1,1,0,0,0,0,0,0,0,1,1,0,0,1.56653046607971,144,0,0,0,3.13306093215942,2.25967764854431,24,12,0
3.13,4.50874090194702,-1.37874090671539,1,10,12.5627374649048,12.3174600601196,1,0,0,0,1,1,1,0,0,0,0,0,1,0,0,1,0,0,1.14103305339813,1,0,0,0,2.28206610679626,1.83418023586273,20,10,0
4.29,5.59145927429199,-1.30145943164825,1,12,12.5627374649048,12.3174600601196,47,25,0,1,2,1,0,1,0,0,1,0,0,0,0,0,1,0,1.45628678798676,2209,0,0,0,2.91257357597351,2.14943385124207,24,12,0
3,5.59145927429199,-2.59145951271057,1,12,12.5627374649048,12.3174600601196,36,1,1,0,0,1,0,0,1,0,0,0,0,1,0,0,0,0,1.0986123085022,1296,0,0,0,2.19722461700439,1.7917594909668,24,12,0
4.6,6.67417812347412,-2.07417798042297,1,14,12.5627374649048,12.3174600601196,7,0,0,1,0,1,0,0,0,0,0,0,1,0,0,0,1,0,1.52605628967285,49,0,0,0,3.0521125793457,2.21920347213745,28,14,0
10,5.59145927429199,4.40854072570801,1,12,12.5627374649048,12.3174600601196,20,5,1,1,4,1,0,0,1,0,0,0,0,0,1,0,1,0,2.30258512496948,400,0,0,0,4.60517024993897,2.99573230743408,24,12,0
4.08,5.59145927429199,-1.51145946979523,1,12,12.5627374649048,12.3174600601196,43,17,0,1,0,1,1,0,0,0,0,0,0,0,1,0,1,0,1.40609693527222,1849,0,0,0,2.81219387054443,2.09924411773682,24,12,0
2.3,4.50874090194702,-2.20874094963074,1,10,12.5627374649048,12.3174600601196,2,0,0,0,4,1,1,0,0,0,0,0,1,0,0,0,0,1,0.832909107208252,4,0,0,0,1.6658182144165,1.52605628967285,20,10,0
2.9,5.05010032653809,-2.15010023117065,1,11,12.5627374649048,12.3174600601196,2,0,0,0,2,1,0,1,0,0,0,0,1,0,0,1,0,0,1.06471073627472,4,0,0,0,2.12942147254944,1.75785791873932,22,11,0
3.6,4.50874090194702,-0.908740937709808,1,10,12.5627374649048,12.3174600601196,34,26,0,1,0,0,0,1,0,0,1,0,0,0,0,0,0,0,1.28093385696411,1156,0,0,0,2.56186771392822,1.97408103942871,20,10,0
3.18,5.59145927429199,-2.41145944595337,1,12,12.5627374649048,12.3174600601196,5,0,0,1,0,1,1,0,0,0,0,0,0,0,1,0,0,1,1.15688121318817,25,0,0,0,2.31376242637634,1.85002839565277,24,12,0
5.48,4.50874090194702,0.97125905752182,1,10,12.5627374649048,12.3174600601196,36,3,0,1,0,1,0,1,0,0,0,0,0,0,0,0,0,0,1.70110511779785,1296,0,0,0,3.4022102355957,2.39425230026245,20,10,0
3.15,6.13281869888306,-2.98281860351563,1,13,12.5627374649048,12.3174600601196,1,0,0,0,4,1,1,0,0,0,0,1,0,0,0,0,1,0,1.14740240573883,1,0,0,0,2.29480481147766,1.84054958820343,26,13,0
3.5,5.59145927429199,-2.09145951271057,1,12,12.5627374649048,12.3174600601196,31,3,1,0,1,1,0,0,1,0,0,0,0,1,0,0,0,0,1.25276291370392,961,0,0,0,2.50552582740784,1.94591009616852,24,12,0
3.5,5.05010032653809,-1.5501002073288,1,11,12.5627374649048,12.3174600601196,23,2,1,0,2,0,0,1,0,0,1,0,0,0,0,0,0,0,1.25276291370392,529,0,0,0,2.50552582740784,1.94591009616852,22,11,0
3.6,5.59145927429199,-1.99145936965942,1,12,12.5627374649048,12.3174600601196,26,4,0,0,2,1,0,0,1,0,0,0,1,0,0,1,0,0,1.28093385696411,676,0,0,0,2.56186771392822,1.97408103942871,24,12,0
2.9,5.59145927429199,-2.69145941734314,1,12,12.5627374649048,12.3174600601196,2,2,0,0,0,1,0,0,1,0,0,0,0,0,1,0,1,0,1.06471073627472,4,0,0,0,2.12942147254944,1.75785791873932,24,12,0
7.5,5.59145927429199,1.90854060649872,1,12,12.5627374649048,12.3174600601196,10,0,0,1,0,1,0,0,1,0,0,0,0,0,0,0,1,0,2.01490306854248,100,0,0,0,4.02980613708496,2.70805025100708,24,12,0
3.28,5.59145927429199,-2.3114595413208,1,12,12.5627374649048,12.3174600601196,17,2,0,0,0,0,0,1,0,0,0,0,0,0,1,0,0,1,1.1878434419632,289,0,0,0,2.37568688392639,1.8809906244278,24,12,0
2.91,5.59145927429199,-2.68145942687988,1,12,12.5627374649048,12.3174600601196,20,34,0,1,2,1,0,0,0,0,0,0,0,1,0,0,1,0,1.06815302371979,400,0,0,0,2.13630604743958,1.76130020618439,24,12,0
18,8.83961486816406,9.16038513183594,1,18,12.5627374649048,12.3174600601196,13,0,0,0,0,1,0,1,0,0,0,0,0,0,1,1,0,0,2.89037179946899,169,1,1,0,5.78074359893799,3.58351898193359,36,18,0
4.68,5.59145927429199,-0.911459445953369,1,12,12.5627374649048,12.3174600601196,3,0,0,0,0,1,0,0,1,0,0,0,0,1,0,0,1,0,1.54329812526703,9,0,0,0,3.08659625053406,2.23644518852234,24,12,0
3,6.67417812347412,-3.67417788505554,1,14,12.5627374649048,12.3174600601196,3,3,0,1,0,1,0,0,1,0,0,0,0,0,1,0,1,0,1.0986123085022,9,0,0,0,2.19722461700439,1.7917594909668,28,14,0
3.1,5.59145927429199,-2.49145936965942,1,12,12.5627374649048,12.3174600601196,2,2,0,0,1,1,0,1,0,0,1,0,0,0,0,0,0,0,1.13140213489532,4,0,0,0,2.26280426979065,1.82454931735992,24,12,0
7.6,5.59145927429199,2.00854063034058,1,12,12.5627374649048,12.3174600601196,41,11,0,0,0,1,1,0,0,0,0,0,0,0,1,1,0,0,2.02814817428589,1681,0,0,0,4.05629634857178,2.72129535675049,24,12,0
4.81,5.59145927429199,-0.781459450721741,1,12,12.5627374649048,12.3174600601196,2,0,0,0,0,1,0,0,0,0,0,0,0,0,1,0,0,1,1.57069706916809,4,0,0,0,3.14139413833618,2.26384425163269,24,12,0
6.25,7.75689649581909,-1.50689649581909,1,16,12.5627374649048,12.3174600601196,2,1,1,0,0,1,1,0,0,0,0,0,1,0,0,1,0,0,1.83258152008057,4,1,1,0,3.66516304016113,2.52572870254517,32,16,0
7.14,5.59145927429199,1.5485405921936,1,12,12.5627374649048,12.3174600601196,43,5,0,0,0,1,1,0,0,0,0,0,0,0,0,0,0,0,1.96571278572083,1849,0,0,0,3.93142557144165,2.65885996818543,24,12,0
6.25,7.75689649581909,-1.50689649581909,1,16,12.5627374649048,12.3174600601196,7,4,1,1,3,1,0,0,0,0,0,0,0,0,1,1,0,0,1.83258152008057,49,1,1,0,3.66516304016113,2.52572870254517,32,16,0
6.88,5.59145927429199,1.28854060173035,1,12,12.5627374649048,12.3174600601196,11,4,0,0,0,1,0,0,1,0,0,0,0,0,1,1,0,0,1.92861866950989,121,0,0,0,3.85723733901978,2.62176585197449,24,12,0
2.27,4.50874090194702,-2.23874092102051,1,10,12.5627374649048,12.3174600601196,2,0,0,0,3,0,0,0,1,0,0,0,1,0,0,1,0,0,0.819779813289642,4,0,0,0,1.63955962657928,1.51292705535889,20,10,0
5.9,5.59145927429199,0.30854058265686,1,12,12.5627374649048,12.3174600601196,9,7,0,1,1,1,1,0,0,0,0,0,0,0,0,0,0,0,1.77495229244232,81,0,0,0,3.54990458488464,2.46809959411621,24,12,0
11.55,7.75689649581909,3.79310345649719,1,16,12.5627374649048,12.3174600601196,20,5,0,1,3,1,0,1,0,1,0,0,0,0,0,0,1,0,2.44668555259705,400,1,1,0,4.89337110519409,3.13983273506165,32,16,0
2.9,3.42602229118347,-0.526022374629974,1,8,12.5627374649048,12.3174600601196,49,6,0,0,1,0,0,0,0,0,1,0,0,0,0,0,0,0,1.06471073627472,2401,0,0,0,2.12942147254944,1.75785791873932,16,8,0
2.65,5.59145927429199,-2.94145941734314,1,12,12.5627374649048,12.3174600601196,42,10,0,1,0,1,0,0,1,0,0,0,0,1,0,0,1,0,0.974559664726257,1764,0,0,0,1.94911932945251,1.66770684719086,24,12,0
2.54,3.96738171577454,-1.42738163471222,1,9,12.5627374649048,12.3174600601196,2,0,0,0,1,1,0,1,0,0,0,0,1,0,0,0,0,1,0.932164072990418,4,0,0,0,1.86432814598084,1.62531125545502,18,9,0
7.81,5.59145927429199,2.21854066848755,1,12,12.5627374649048,12.3174600601196,3,0,0,1,0,1,0,0,1,0,0,0,0,1,0,0,0,1,2.05540490150452,9,0,0,0,4.11080980300903,2.74855208396912,24,12,0
3,5.59145927429199,-2.59145951271057,1,12,12.5627374649048,12.3174600601196,1,0,0,0,2,1,0,0,0,0,0,0,1,0,0,1,0,0,1.0986123085022,1,0,0,0,2.19722461700439,1.7917594909668,24,12,0
5,2.3433039188385,2.6566960811615,1,6,12.5627374649048,12.3174600601196,18,0,0,1,3,1,0,0,1,0,0,0,1,0,0,0,0,1,1.60943794250488,324,0,0,0,3.21887588500977,2.30258512496948,12,6,0
5.6,7.21553707122803,-1.61553716659546,1,15,12.5627374649048,12.3174600601196,31,15,0,0,2,1,1,0,0,0,0,0,0,0,1,0,0,1,1.72276663780212,961,0,0,0,3.44553327560425,2.41591382026672,30,15,0
9.68,6.13281869888306,3.54718136787415,1,13,12.5627374649048,12.3174600601196,16,16,0,0,0,1,0,0,1,0,0,0,0,0,0,1,0,0,2.27006196975708,256,0,0,0,4.54012393951416,2.96320915222168,26,13,0
4.5,6.67417812347412,-2.17417788505554,1,14,12.5627374649048,12.3174600601196,2,5,0,0,2,1,0,0,1,0,0,0,1,0,0,0,0,0,1.5040774345398,4,0,0,0,3.00815486907959,2.19722461700439,28,14,0
3.73,3.96738171577454,-0.237381651997566,1,9,12.5627374649048,12.3174600601196,33,2,0,0,1,0,1,0,0,0,0,0,0,0,0,0,0,0,1.31640827655792,1089,0,0,0,2.63281655311584,2.00955533981323,18,9,0
2.92,5.59145927429199,-2.67145943641663,1,12,12.5627374649048,12.3174600601196,4,0,0,0,1,0,0,1,0,0,0,0,1,0,0,1,0,0,1.07158362865448,16,0,0,0,2.14316725730896,1.76473081111908,24,12,0
6.53,7.75689649581909,-1.22689640522003,1,16,12.5627374649048,12.3174600601196,3,2,0,0,0,1,1,0,0,0,0,0,0,0,1,1,0,0,1.87640690803528,9,1,1,0,3.75281381607056,2.56955409049988,32,16,0
6.25,7.75689649581909,-1.50689649581909,1,16,12.5627374649048,12.3174600601196,8,2,0,0,0,1,0,0,1,0,0,0,1,0,0,1,0,0,1.83258152008057,64,1,1,0,3.66516304016113,2.52572870254517,32,16,0
3.75,5.59145927429199,-1.84145939350128,1,12,12.5627374649048,12.3174600601196,5,2,0,1,1,0,0,1,0,0,0,0,0,0,1,0,1,0,1.32175588607788,25,0,0,0,2.64351177215576,2.01490306854248,24,12,0
3.1,2.3433039188385,0.756696105003357,1,6,12.5627374649048,12.3174600601196,14,0,1,0,5,1,0,1,0,0,0,0,1,0,0,0,1,0,1.13140213489532,196,0,0,0,2.26280426979065,1.82454931735992,12,6,0
3,5.59145927429199,-2.59145951271057,1,12,12.5627374649048,12.3174600601196,26,9,0,1,0,0,0,1,0,0,0,0,0,1,0,0,0,1,1.0986123085022,676,0,0,0,2.19722461700439,1.7917594909668,24,12,0
3.51,5.59145927429199,-2.08145952224731,1,12,12.5627374649048,12.3174600601196,7,2,0,1,0,1,1,0,0,0,0,0,1,0,0,0,1,0,1.25561606884003,49,0,0,0,2.51123213768005,1.94876325130463,24,12,0
2.9,5.59145927429199,-2.69145941734314,1,12,12.5627374649048,12.3174600601196,17,1,0,1,2,0,1,0,0,0,1,0,0,0,0,0,0,0,1.06471073627472,289,0,0,0,2.12942147254944,1.75785791873932,24,12,0
4.28,6.13281869888306,-1.85281872749329,1,13,12.5627374649048,12.3174600601196,1,1,0,0,2,1,0,0,0,0,0,0,1,0,0,1,0,0,1.45395302772522,1,0,0,0,2.90790605545044,2.14710021018982,26,13,0
8.13,6.13281869888306,1.99718129634857,1,13,12.5627374649048,12.3174600601196,3,0,0,0,0,1,0,0,1,0,0,0,0,0,1,0,1,0,2.09556102752686,9,0,0,0,4.19112205505371,2.78870820999146,26,13,0
5,7.75689649581909,-2.75689649581909,1,16,12.5627374649048,12.3174600601196,2,1,0,1,0,0,0,1,0,0,0,0,1,0,0,1,0,0,1.60943794250488,4,1,1,0,3.21887588500977,2.30258512496948,32,16,0
3.4,5.59145927429199,-2.19145941734314,1,12,12.5627374649048,12.3174600601196,26,15,0,1,1,1,1,0,0,1,0,0,0,0,0,0,1,0,1.2237753868103,676,0,0,0,2.44755077362061,1.9169225692749,24,12,0
4.1,7.75689649581909,-3.65689635276794,1,16,12.5627374649048,12.3174600601196,5,0,0,1,0,1,1,0,0,0,0,0,0,0,1,1,0,0,1.41098701953888,25,1,1,0,2.82197403907776,2.10413408279419,32,16,0
3.75,5.59145927429199,-1.84145939350128,1,12,12.5627374649048,12.3174600601196,7,0,0,1,0,1,0,0,0,1,0,0,0,0,0,0,1,0,1.32175588607788,49,0,0,0,2.64351177215576,2.01490306854248,24,12,0
3.5,5.59145927429199,-2.09145951271057,1,12,12.5627374649048,12.3174600601196,6,2,1,0,1,1,0,0,0,0,0,0,0,0,1,0,0,1,1.25276291370392,36,0,0,0,2.50552582740784,1.94591009616852,24,12,0
4.57,6.67417812347412,-2.10417795181274,1,14,12.5627374649048,12.3174600601196,37,7,0,1,0,1,0,0,0,0,0,0,0,1,0,0,0,1,1.51951324939728,1369,0,0,0,3.03902649879456,2.21266031265259,28,14,0
4,3.96738171577454,0.0326183438301086,1,9,12.5627374649048,12.3174600601196,19,1,0,1,1,1,0,0,0,0,0,0,0,1,0,0,0,1,1.3862943649292,361,0,0,0,2.7725887298584,2.0794415473938,18,9,0
4,6.13281869888306,-2.13281869888306,1,13,12.5627374649048,12.3174600601196,6,0,0,0,1,1,1,0,0,1,0,0,0,0,0,0,1,0,1.3862943649292,36,0,0,0,2.7725887298584,2.0794415473938,26,13,0
3.25,3.42602229118347,-0.1760223954916,1,8,12.5627374649048,12.3174600601196,9,1,0,1,2,1,0,0,1,0,0,0,0,0,0,0,0,0,1.1786550283432,81,0,0,0,2.3573100566864,1.8718022108078,16,8,0
4.5,5.59145927429199,-1.09145939350128,1,12,12.5627374649048,12.3174600601196,35,0,0,1,1,1,0,1,0,0,0,0,1,0,0,0,1,0,1.5040774345398,1225,0,0,0,3.00815486907959,2.19722461700439,24,12,0
3.2,7.21553707122803,-4.01553726196289,1,15,12.5627374649048,12.3174600601196,2,2,0,0,2,1,0,1,0,0,0,1,0,0,0,0,0,0,1.16315078735352,4,0,0,0,2.32630157470703,1.85629796981812,30,15,0
9.42,6.67417812347412,2.74582195281982,1,14,12.5627374649048,12.3174600601196,23,0,0,1,2,0,0,1,0,0,0,0,0,1,0,0,0,0,2.24283504486084,529,0,0,0,4.48567008972168,2.93598222732544,28,14,0
3.1,5.05010032653809,-1.95010018348694,1,11,12.5627374649048,12.3174600601196,2,0,0,0,2,1,0,0,1,0,0,0,0,0,0,0,0,0,1.13140213489532,4,0,0,0,2.26280426979065,1.82454931735992,22,11,0
3.2,5.59145927429199,-2.39145946502686,1,12,12.5627374649048,12.3174600601196,15,5,0,1,1,0,0,1,0,0,0,0,0,0,1,1,0,0,1.16315078735352,225,0,0,0,2.32630157470703,1.85629796981812,24,12,0
1.43,5.59145927429199,-4.16145944595337,1,12,12.5627374649048,12.3174600601196,17,0,0,1,2,0,0,0,0,0,0,0,1,0,0,0,0,0,0.357674449682236,289,0,0,0,0.715348899364471,1.05082166194916,24,12,0
11.1,7.21553707122803,3.88446283340454,1,15,12.5627374649048,12.3174600601196,1,4,0,0,2,0,0,1,0,0,0,0,0,0,1,0,1,0,2.40694499015808,1,0,0,0,4.81388998031616,3.10009217262268,30,15,0
5.71,7.75689649581909,-2.04689645767212,1,16,12.5627374649048,12.3174600601196,3,0,0,0,0,1,0,0,0,0,0,0,1,0,0,0,1,0,1.74221897125244,9,1,1,0,3.48443794250488,2.43536615371704,32,16,0
4.5,5.59145927429199,-1.09145939350128,1,12,12.5627374649048,12.3174600601196,47,4,0,1,0,1,1,0,0,0,0,0,1,0,0,0,1,0,1.5040774345398,2209,0,0,0,3.00815486907959,2.19722461700439,24,12,0
5.8,5.59145927429199,0.208540573716164,1,12,12.5627374649048,12.3174600601196,19,6,0,1,2,0,1,0,0,0,1,0,0,0,0,0,0,0,1.75785791873932,361,0,0,0,3.51571583747864,2.45100498199463,24,12,0
3.5,5.59145927429199,-2.09145951271057,1,12,12.5627374649048,12.3174600601196,26,20,0,1,0,0,0,1,0,0,1,0,0,0,0,0,0,0,1.25276291370392,676,0,0,0,2.50552582740784,1.94591009616852,24,12,0
3.35,7.21553707122803,-3.86553716659546,1,15,12.5627374649048,12.3174600601196,3,1,0,1,2,1,0,1,0,0,0,0,0,1,0,0,1,0,1.20896029472351,9,0,0,0,2.41792058944702,1.90210747718811,30,15,0
3.5,6.67417812347412,-3.17417788505554,1,14,12.5627374649048,12.3174600601196,5,4,1,0,2,0,0,0,1,0,0,0,0,0,1,0,1,0,1.25276291370392,25,0,0,0,2.50552582740784,1.94591009616852,28,14,0
4.1,6.67417812347412,-2.57417798042297,1,14,12.5627374649048,12.3174600601196,6,0,0,1,0,1,0,1,0,0,0,0,0,1,0,0,0,1,1.41098701953888,36,0,0,0,2.82197403907776,2.10413408279419,28,14,0
2.9,5.59145927429199,-2.69145941734314,1,12,12.5627374649048,12.3174600601196,37,0,0,1,0,0,0,1,0,0,0,0,1,0,0,1,0,0,1.06471073627472,1369,0,0,0,2.12942147254944,1.75785791873932,24,12,0
3.24,5.59145927429199,-2.35145950317383,1,12,12.5627374649048,12.3174600601196,16,0,0,1,2,1,0,1,0,0,0,0,1,0,0,0,1,0,1.17557334899902,256,0,0,0,2.35114669799805,1.86872053146362,24,12,0
2.89,4.50874090194702,-1.61874091625214,1,10,12.5627374649048,12.3174600601196,8,0,0,0,1,1,0,0,0,0,0,0,0,0,0,0,0,0,1.0612565279007,64,0,0,0,2.12251305580139,1.7544037103653,20,10,0
3.75,6.67417812347412,-2.92417788505554,1,14,12.5627374649048,12.3174600601196,13,0,0,1,3,1,1,0,0,0,0,0,1,0,0,0,1,0,1.32175588607788,169,0,0,0,2.64351177215576,2.01490306854248,28,14,0
6.63,5.59145927429199,1.03854060173035,1,12,12.5627374649048,12.3174600601196,36,0,0,0,0,1,0,1,0,0,0,0,1,0,0,0,1,0,1.89160478115082,1296,0,0,0,3.78320956230164,2.58475208282471,24,12,0
6.33,7.75689649581909,-1.42689645290375,1,16,12.5627374649048,12.3174600601196,9,9,0,0,0,1,0,0,1,0,0,0,0,0,0,1,0,0,1.84530019760132,81,1,1,0,3.69060039520264,2.53844738006592,32,16,0
2.75,6.13281869888306,-3.38281869888306,1,13,12.5627374649048,12.3174600601196,1,2,0,0,1,1,1,0,0,0,0,0,0,0,1,0,0,1,1.01160097122192,1,0,0,0,2.02320194244385,1.70474803447723,26,13,0
5.25,5.59145927429199,-0.341459423303604,1,12,12.5627374649048,12.3174600601196,19,10,0,1,2,1,1,0,0,0,0,1,0,0,0,0,1,0,1.65822803974152,361,0,0,0,3.31645607948303,2.35137534141541,24,12,0
3,4.50874090194702,-1.50874090194702,1,10,12.5627374649048,12.3174600601196,2,1,0,0,1,1,0,1,0,0,0,0,1,0,0,0,1,0,1.0986123085022,4,0,0,0,2.19722461700439,1.7917594909668,20,10,0
3,6.67417812347412,-3.67417788505554,1,14,12.5627374649048,12.3174600601196,33,3,0,1,0,1,0,0,0,0,0,0,0,0,1,0,0,1,1.0986123085022,1089,0,0,0,2.19722461700439,1.7917594909668,28,14,0
3.13,5.59145927429199,-2.46145939826965,1,12,12.5627374649048,12.3174600601196,6,5,0,1,1,1,0,1,0,0,0,0,0,0,1,0,1,0,1.14103305339813,36,0,0,0,2.28206610679626,1.83418023586273,24,12,0
5,5.59145927429199,-0.591459453105927,1,12,12.5627374649048,12.3174600601196,7,3,0,0,0,1,0,0,1,0,0,0,0,0,0,0,1,0,1.60943794250488,49,0,0,0,3.21887588500977,2.30258512496948,24,12,0
2.92,3.96738171577454,-1.04738163948059,1,9,12.5627374649048,12.3174600601196,49,0,0,0,0,1,0,1,0,0,0,0,0,1,0,0,0,0,1.07158362865448,2401,0,0,0,2.14316725730896,1.76473081111908,18,9,0
2.93,5.59145927429199,-2.66145944595337,1,12,12.5627374649048,12.3174600601196,36,2,0,1,1,1,0,0,1,0,0,0,1,0,0,1,0,0,1.07500243186951,1296,0,0,0,2.15000486373901,1.76814961433411,24,12,0
4.63,5.59145927429199,-0.961459457874298,1,12,12.5627374649048,12.3174600601196,16,1,0,0,0,1,0,1,0,0,0,0,0,0,1,0,1,0,1.53255689144135,256,0,0,0,3.06511378288269,2.22570395469666,24,12,0
4.29,5.59145927429199,-1.30145943164825,1,12,12.5627374649048,12.3174600601196,3,0,0,0,0,0,0,1,0,0,0,0,1,0,0,0,0,1,1.45628678798676,9,0,0,0,2.91257357597351,2.14943385124207,24,12,0
3.55,5.59145927429199,-2.04145932197571,1,12,12.5627374649048,12.3174600601196,6,0,0,1,1,0,0,0,0,0,0,0,0,0,0,0,0,0,1.26694762706757,36,0,0,0,2.53389525413513,1.96009480953217,24,12,0
3.45,5.59145927429199,-2.14145946502686,1,12,12.5627374649048,12.3174600601196,6,5,0,1,0,1,0,1,0,0,0,0,1,0,0,0,1,0,1.23837423324585,36,0,0,0,2.4767484664917,1.93152141571045,24,12,0
4.34,7.75689649581909,-3.4168963432312,1,16,12.5627374649048,12.3174600601196,5,2,1,0,0,1,0,1,0,0,0,0,0,0,1,0,1,0,1.46787428855896,25,1,1,0,2.93574857711792,2.16102147102356,32,16,0
5.05,5.59145927429199,-0.541459441184998,1,12,12.5627374649048,12.3174600601196,19,0,0,1,3,0,0,1,0,0,0,0,0,0,1,0,1,0,1.6193882226944,361,0,0,0,3.23877644538879,2.31253552436829,24,12,0
3.3,5.59145927429199,-2.29145932197571,1,12,12.5627374649048,12.3174600601196,21,9,0,1,2,0,0,1,0,0,0,0,1,0,0,1,0,0,1.19392251968384,441,0,0,0,2.38784503936768,1.88706970214844,24,12,0
4.5,6.13281869888306,-1.63281869888306,1,13,12.5627374649048,12.3174600601196,23,2,1,0,0,1,0,1,0,0,0,0,1,0,0,1,0,0,1.5040774345398,529,0,0,0,3.00815486907959,2.19722461700439,26,13,0
4.5,5.59145927429199,-1.09145939350128,1,12,12.5627374649048,12.3174600601196,2,1,0,0,2,1,0,0,0,1,0,0,0,0,0,0,0,0,1.5040774345398,4,0,0,0,3.00815486907959,2.19722461700439,24,12,0
2.25,5.59145927429199,-3.34145951271057,1,12,12.5627374649048,12.3174600601196,5,0,0,0,2,1,0,1,0,0,0,0,1,0,0,0,0,1,0.810930192470551,25,0,0,0,1.6218603849411,1.5040774345398,24,12,0
4.5,5.59145927429199,-1.09145939350128,1,12,12.5627374649048,12.3174600601196,36,6,0,1,0,1,0,0,1,0,0,0,0,0,1,0,0,1,1.5040774345398,1296,0,0,0,3.00815486907959,2.19722461700439,24,12,0
3,3.96738171577454,-0.967381656169891,1,9,12.5627374649048,12.3174600601196,23,20,0,1,2,0,0,1,0,0,1,0,0,0,0,0,0,0,1.0986123085022,529,0,0,0,2.19722461700439,1.7917594909668,18,9,0
6,7.21553707122803,-1.21553719043732,1,15,12.5627374649048,12.3174600601196,19,4,0,1,2,1,0,1,0,0,0,0,0,0,1,0,0,1,1.7917594909668,361,0,0,0,3.58351898193359,2.4849066734314,30,15,0
4.63,6.67417812347412,-2.0441780090332,1,14,12.5627374649048,12.3174600601196,4,0,0,1,2,1,0,1,0,0,0,0,0,0,1,0,0,1,1.53255689144135,16,0,0,0,3.06511378288269,2.22570395469666,28,14,0
6.22,5.59145927429199,0.628540575504303,1,12,12.5627374649048,12.3174600601196,19,9,0,1,1,1,1,0,0,0,0,0,0,0,1,0,1,0,1.82776987552643,361,0,0,0,3.65553975105286,2.52091717720032,24,12,0
4.2,6.67417812347412,-2.47417783737183,1,14,12.5627374649048,12.3174600601196,33,16,0,1,0,1,0,0,0,0,0,0,0,0,1,1,0,0,1.43508458137512,1089,0,0,0,2.87016916275024,2.12823176383972,28,14,0
4,5.05010032653809,-1.0501002073288,1,11,12.5627374649048,12.3174600601196,45,12,0,1,0,1,0,0,1,0,0,0,0,0,1,0,0,1,1.3862943649292,2025,0,0,0,2.7725887298584,2.0794415473938,22,11,0
3,6.13281869888306,-3.13281869888306,1,13,12.5627374649048,12.3174600601196,5,0,0,0,1,1,0,1,0,0,0,0,0,0,1,0,0,1,1.0986123085022,25,0,0,0,2.19722461700439,1.7917594909668,26,13,0
7,7.75689649581909,-0.756896436214447,1,16,12.5627374649048,12.3174600601196,26,3,0,1,1,1,0,1,0,0,0,0,0,0,1,1,0,0,1.94591009616852,676,1,1,0,3.89182019233704,2.63905739784241,32,16,0
2.88,4.50874090194702,-1.62874090671539,1,10,12.5627374649048,12.3174600601196,2,0,0,0,3,1,0,0,0,0,0,0,1,0,0,0,1,0,1.05779027938843,4,0,0,0,2.11558055877686,1.75093746185303,20,10,0
3.5,5.59145927429199,-2.09145951271057,1,12,12.5627374649048,12.3174600601196,20,4,0,1,2,0,0,0,0,0,0,0,0,0,1,0,1,0,1.25276291370392,400,0,0,0,2.50552582740784,1.94591009616852,24,12,0
2.9,5.59145927429199,-2.69145941734314,1,12,12.5627374649048,12.3174600601196,15,1,0,1,2,1,0,0,1,0,0,0,0,1,0,0,0,1,1.06471073627472,225,0,0,0,2.12942147254944,1.75785791873932,24,12,0
3,2.88466310501099,0.115336857736111,1,7,12.5627374649048,12.3174600601196,26,1,0,0,3,0,0,1,0,0,0,0,1,0,0,0,0,1,1.0986123085022,676,0,0,0,2.19722461700439,1.7917594909668,14,7,0
3.54,6.13281869888306,-2.59281873703003,1,13,12.5627374649048,12.3174600601196,6,7,0,1,0,0,1,0,0,0,0,0,0,0,1,0,1,0,1.26412677764893,36,0,0,0,2.52825355529785,1.95727396011353,26,13,0
5.13,7.21553707122803,-2.08553719520569,1,15,12.5627374649048,12.3174600601196,6,6,0,0,0,1,0,0,0,0,1,0,0,0,0,1,0,0,1.6351056098938,36,0,0,0,3.2702112197876,2.3282527923584,30,15,0
2,4.50874090194702,-2.50874090194702,1,10,12.5627374649048,12.3174600601196,3,0,1,0,5,1,0,1,0,0,0,0,1,0,0,0,0,1,0.6931471824646,9,0,0,0,1.3862943649292,1.3862943649292,20,10,0
3.5,5.59145927429199,-2.09145951271057,1,12,12.5627374649048,12.3174600601196,2,0,0,0,2,1,0,1,0,0,0,1,0,0,0,0,1,0,1.25276291370392,4,0,0,0,2.50552582740784,1.94591009616852,24,12,0
6.26,6.13281869888306,0.127181306481361,1,13,12.5627374649048,12.3174600601196,37,17,0,1,0,1,0,0,0,0,0,0,0,0,1,1,0,0,1.83418023586273,1369,0,0,0,3.66836047172546,2.52732729911804,26,13,0
3.75,5.59145927429199,-1.84145939350128,1,12,12.5627374649048,12.3174600601196,18,0,0,1,4,1,1,0,0,0,0,0,0,0,1,0,1,0,1.32175588607788,324,0,0,0,2.64351177215576,2.01490306854248,24,12,0
4.1,5.59145927429199,-1.49145936965942,1,12,12.5627374649048,12.3174600601196,3,2,0,0,0,1,1,0,0,0,0,0,0,0,1,0,0,1,1.41098701953888,9,0,0,0,2.82197403907776,2.10413408279419,24,12,0
3.55,5.59145927429199,-2.04145932197571,1,12,12.5627374649048,12.3174600601196,21,0,0,1,1,0,0,1,0,0,1,0,0,0,0,0,0,0,1.26694762706757,441,0,0,0,2.53389525413513,1.96009480953217,24,12,0
3.35,6.67417812347412,-3.32417798042297,1,14,12.5627374649048,12.3174600601196,5,4,0,1,0,1,1,0,0,0,0,0,1,0,0,1,0,0,1.20896029472351,25,0,0,0,2.41792058944702,1.90210747718811,28,14,0
4.17,-0.904851675033569,5.07485151290894,1,0,12.5627374649048,12.3174600601196,22,10,0,0,0,0,0,1,0,0,0,0,0,1,0,0,0,0,1.42791604995728,484,0,0,0,2.85583209991455,2.12106323242188,0,0,0
3.05,5.59145927429199,-2.54145932197571,1,12,12.5627374649048,12.3174600601196,2,0,0,0,1,0,1,0,0,0,0,0,0,0,1,0,0,1,1.11514163017273,4,0,0,0,2.23028326034546,1.80828881263733,24,12,0
14.58,8.83961486816406,5.74038505554199,1,18,12.5627374649048,12.3174600601196,13,7,0,0,0,1,1,0,0,0,0,0,0,0,1,1,0,0,2.67965078353882,169,1,1,0,5.35930156707764,3.37279796600342,36,18,0
3,5.59145927429199,-2.59145951271057,1,12,12.5627374649048,12.3174600601196,11,0,0,1,2,1,0,1,0,0,0,0,1,0,0,1,0,0,1.0986123085022,121,0,0,0,2.19722461700439,1.7917594909668,24,12,0
10.63,6.13281869888306,4.49718141555786,1,13,12.5627374649048,12.3174600601196,16,10,0,0,0,1,0,0,1,0,0,0,0,0,1,1,0,0,2.36368012428284,256,0,0,0,4.72736024856567,3.05682730674744,26,13,0
3.05,3.42602229118347,-0.376022398471832,1,8,12.5627374649048,12.3174600601196,50,24,0,0,0,0,0,1,0,0,1,0,0,0,0,0,0,0,1.11514163017273,2500,0,0,0,2.23028326034546,1.80828881263733,16,8,0
2.89,-0.904851675033569,3.79485177993774,1,0,12.5627374649048,12.3174600601196,42,0,0,1,2,0,0,0,1,0,0,0,0,1,0,0,0,0,1.0612565279007,1764,0,0,0,2.12251305580139,1.7544037103653,0,0,0
4.2,6.13281869888306,-1.93281865119934,1,13,12.5627374649048,12.3174600601196,11,3,0,1,2,1,1,0,0,0,0,0,1,0,0,0,1,0,1.43508458137512,121,0,0,0,2.87016916275024,2.12823176383972,26,13,0
3.25,5.59145927429199,-2.34145951271057,1,12,12.5627374649048,12.3174600601196,40,2,0,0,0,0,1,0,0,0,0,0,1,0,0,0,0,1,1.1786550283432,1600,0,0,0,2.3573100566864,1.8718022108078,24,12,0
5.05,4.50874090194702,0.541259109973908,1,10,12.5627374649048,12.3174600601196,5,0,0,0,0,1,1,0,0,0,0,0,0,0,1,0,1,0,1.6193882226944,25,0,0,0,3.23877644538879,2.31253552436829,20,10,0
4,5.59145927429199,-1.59145939350128,1,12,12.5627374649048,12.3174600601196,43,6,0,1,0,0,0,0,0,0,0,1,0,0,0,0,0,0,1.3862943649292,1849,0,0,0,2.7725887298584,2.0794415473938,24,12,0
2.9,5.05010032653809,-2.15010023117065,1,11,12.5627374649048,12.3174600601196,6,0,0,0,1,0,0,1,0,0,1,0,0,0,0,0,0,0,1.06471073627472,36,0,0,0,2.12942147254944,1.75785791873932,22,11,0
6.38,6.13281869888306,0.247181311249733,1,13,12.5627374649048,12.3174600601196,11,4,0,0,0,1,0,0,1,0,0,0,0,0,0,0,0,0,1.85316812992096,121,0,0,0,3.70633625984192,2.54631519317627,26,13,0
6.15,5.59145927429199,0.55854058265686,1,12,12.5627374649048,12.3174600601196,35,12,0,0,0,1,1,0,0,0,0,0,1,0,0,0,0,0,1.81645202636719,1225,0,0,0,3.63290405273438,2.50959920883179,24,12,0
3.83,5.59145927429199,-1.76145946979523,1,12,12.5627374649048,12.3174600601196,18,2,0,0,3,1,0,1,0,0,0,0,0,0,0,0,1,0,1.3428647518158,324,0,0,0,2.68572950363159,2.0360119342804,24,12,0
2.9,4.50874090194702,-1.60874092578888,1,10,12.5627374649048,12.3174600601196,18,0,0,1,2,0,0,1,0,0,0,0,1,0,0,0,1,0,1.06471073627472,324,0,0,0,2.12942147254944,1.75785791873932,20,10,0
4.68,7.75689649581909,-3.07689642906189,1,16,12.5627374649048,12.3174600601196,3,1,0,0,0,1,1,0,0,0,0,0,0,0,1,1,0,0,1.54329812526703,9,1,1,0,3.08659625053406,2.23644518852234,32,16,0
5.83,3.42602229118347,2.40397763252258,1,8,12.5627374649048,12.3174600601196,36,15,0,1,0,0,0,0,0,0,0,0,0,0,1,0,1,0,1.7630170583725,1296,0,0,0,3.526034116745,2.45616412162781,16,8,0
2.9,1.80194461345673,1.09805536270142,1,5,12.5627374649048,12.3174600601196,34,0,0,1,5,0,0,0,1,0,1,0,0,0,0,0,0,0,1.06471073627472,1156,0,0,0,2.12942147254944,1.75785791873932,10,5,0
6,5.05010032653809,0.949899852275848,1,11,12.5627374649048,12.3174600601196,37,8,1,0,0,1,0,0,1,0,0,0,0,1,0,0,0,0,1.7917594909668,1369,0,0,0,3.58351898193359,2.4849066734314,22,11,0
6,6.67417812347412,-0.674177944660187,1,14,12.5627374649048,12.3174600601196,11,3,0,1,2,1,0,1,0,0,0,0,0,0,1,0,1,0,1.7917594909668,121,0,0,0,3.58351898193359,2.4849066734314,28,14,0
3,7.75689649581909,-4.75689649581909,1,16,12.5627374649048,12.3174600601196,19,10,0,1,0,1,1,0,0,0,0,0,1,0,0,0,1,0,1.0986123085022,361,1,1,0,2.19722461700439,1.7917594909668,32,16,0
2.9,5.59145927429199,-2.69145941734314,1,12,12.5627374649048,12.3174600601196,26,1,0,0,4,1,0,1,0,0,0,0,1,0,0,0,1,0,1.06471073627472,676,0,0,0,2.12942147254944,1.75785791873932,24,12,0
6.25,7.21553707122803,-0.965537190437317,1,15,12.5627374649048,12.3174600601196,12,4,0,1,2,1,0,0,0,0,0,0,0,0,1,1,0,0,1.83258152008057,144,0,0,0,3.66516304016113,2.52572870254517,30,15,0
3,4.50874090194702,-1.50874090194702,1,10,12.5627374649048,12.3174600601196,7,0,0,1,2,0,1,0,0,0,0,0,0,0,1,0,0,1,1.0986123085022,49,0,0,0,2.19722461700439,1.7917594909668,20,10,0
2.31,3.96738171577454,-1.65738165378571,1,9,12.5627374649048,12.3174600601196,4,1,0,0,5,0,1,0,0,0,0,0,1,0,0,0,0,1,0.837247550487518,16,0,0,0,1.67449510097504,1.53039467334747,18,9,0
10,6.67417812347412,3.32582211494446,1,14,12.5627374649048,12.3174600601196,28,11,0,1,0,1,0,1,0,0,1,0,0,0,0,1,0,0,2.30258512496948,784,0,0,0,4.60517024993897,2.99573230743408,28,14,0
5.84,6.13281869888306,-0.292818695306778,1,13,12.5627374649048,12.3174600601196,5,0,0,1,1,1,0,1,0,0,0,0,0,0,1,0,1,0,1.76473081111908,25,0,0,0,3.52946162223816,2.45787787437439,26,13,0
5,5.59145927429199,-0.591459453105927,1,12,12.5627374649048,12.3174600601196,5,3,0,0,0,1,0,0,1,0,0,0,0,0,0,1,0,0,1.60943794250488,25,0,0,0,3.21887588500977,2.30258512496948,24,12,0
4.27,7.75689649581909,-3.48689651489258,1,16,12.5627374649048,12.3174600601196,22,4,1,1,1,1,0,0,1,0,0,0,1,0,0,1,0,0,1.45161378383636,484,1,1,0,2.90322756767273,2.14476108551025,32,16,0
9,8.29825592041016,0.701744258403778,1,17,12.5627374649048,12.3174600601196,7,0,0,1,2,0,0,0,0,0,0,0,0,0,1,1,0,0,2.19722461700439,49,1,1,0,4.39444923400879,2.89037179946899,34,17,0
6.43,7.75689649581909,-1.32689642906189,1,16,12.5627374649048,12.3174600601196,17,3,0,1,2,0,0,1,0,0,0,0,0,0,1,1,0,0,1.86097455024719,289,1,1,0,3.72194910049438,2.55412173271179,32,16,0
3,6.67417812347412,-3.67417788505554,1,14,12.5627374649048,12.3174600601196,17,0,0,1,4,1,0,1,0,0,0,0,0,1,0,0,1,0,1.0986123085022,289,0,0,0,2.19722461700439,1.7917594909668,28,14,0
3,5.05010032653809,-2.05010008811951,1,11,12.5627374649048,12.3174600601196,1,1,0,0,1,1,0,1,0,0,0,0,0,0,1,0,0,1,1.0986123085022,1,0,0,0,2.19722461700439,1.7917594909668,22,11,0
4.5,5.59145927429199,-1.09145939350128,1,12,12.5627374649048,12.3174600601196,37,14,0,1,0,0,0,0,1,0,0,0,0,0,1,0,1,0,1.5040774345398,1369,0,0,0,3.00815486907959,2.19722461700439,24,12,0
3,5.59145927429199,-2.59145951271057,1,12,12.5627374649048,12.3174600601196,38,0,0,1,0,0,1,0,0,0,0,0,0,1,0,0,1,0,1.0986123085022,1444,0,0,0,2.19722461700439,1.7917594909668,24,12,0
7.5,7.75689649581909,-0.256896466016769,1,16,12.5627374649048,12.3174600601196,6,2,0,1,1,1,0,1,0,0,0,0,0,0,1,1,0,0,2.01490306854248,36,1,1,0,4.02980613708496,2.70805025100708,32,16,0
6.25,6.13281869888306,0.117181316018105,1,13,12.5627374649048,12.3174600601196,6,5,0,1,1,1,1,0,0,0,0,0,0,0,1,1,0,0,1.83258152008057,36,0,0,0,3.66516304016113,2.52572870254517,26,13,0
4.72,5.59145927429199,-0.871459424495697,1,12,12.5627374649048,12.3174600601196,15,1,0,0,0,1,0,1,0,0,0,0,0,0,0,0,0,0,1.55180883407593,225,0,0,0,3.10361766815186,2.24495601654053,24,12,0
3.75,6.67417812347412,-2.92417788505554,1,14,12.5627374649048,12.3174600601196,8,4,0,1,0,0,0,1,0,0,0,1,0,0,0,1,0,0,1.32175588607788,64,0,0,0,2.64351177215576,2.01490306854248,28,14,0
6.5,5.59145927429199,0.908540546894074,1,12,12.5627374649048,12.3174600601196,8,5,0,1,0,1,0,1,0,0,0,1,0,0,0,0,1,0,1.8718022108078,64,0,0,0,3.7436044216156,2.56494927406311,24,12,0
3.1,5.59145927429199,-2.49145936965942,1,12,12.5627374649048,12.3174600601196,2,1,0,0,1,1,0,0,0,0,0,0,1,0,0,0,1,0,1.13140213489532,4,0,0,0,2.26280426979065,1.82454931735992,24,12,0
2.9,4.50874090194702,-1.60874092578888,1,10,12.5627374649048,12.3174600601196,23,2,0,0,2,0,0,1,0,0,0,0,0,0,1,0,0,1,1.06471073627472,529,0,0,0,2.12942147254944,1.75785791873932,20,10,0
2.92,5.05010032653809,-2.13010025024414,1,11,12.5627374649048,12.3174600601196,1,0,0,0,1,0,1,0,0,0,0,0,1,0,0,0,0,1,1.07158362865448,1,0,0,0,2.14316725730896,1.76473081111908,22,11,0
11.71,6.13281869888306,5.57718133926392,1,13,12.5627374649048,12.3174600601196,40,20,0,0,0,1,0,0,0,0,1,0,0,0,0,1,0,0,2.46044325828552,1600,0,0,0,4.92088651657105,3.15359044075012,26,13,0
3,3.96738171577454,-0.967381656169891,1,9,12.5627374649048,12.3174600601196,3,0,0,0,0,1,0,0,0,0,0,0,0,1,0,0,0,0,1.0986123085022,9,0,0,0,2.19722461700439,1.7917594909668,18,9,0
3.81,5.59145927429199,-1.78145945072174,1,12,12.5627374649048,12.3174600601196,8,1,0,1,2,0,1,0,0,0,0,0,0,1,0,0,0,1,1.33762919902802,64,0,0,0,2.67525839805603,2.03077626228333,24,12,0
4.5,5.59145927429199,-1.09145939350128,1,12,12.5627374649048,12.3174600601196,31,4,0,1,3,1,0,1,0,0,0,0,0,0,1,0,1,0,1.5040774345398,961,0,0,0,3.00815486907959,2.19722461700439,24,12,0
6.25,7.75689649581909,-1.50689649581909,1,16,12.5627374649048,12.3174600601196,24,2,0,1,2,1,0,0,1,0,0,0,0,0,1,1,0,0,1.83258152008057,576,1,1,0,3.66516304016113,2.52572870254517,32,16,0
1.5,5.59145927429199,-4.09145927429199,1,12,12.5627374649048,12.3174600601196,11,1,0,1,2,0,1,0,0,0,0,0,0,0,1,0,0,1,0.405465096235275,121,0,0,0,0.810930192470551,1.0986123085022,24,12,0
3.4,7.75689649581909,-4.35689640045166,1,16,12.5627374649048,12.3174600601196,1,1,0,0,1,0,0,0,0,0,0,0,1,0,0,0,0,1,1.2237753868103,1,1,1,0,2.44755077362061,1.9169225692749,32,16,0
4,5.59145927429199,-1.59145939350128,1,12,12.5627374649048,12.3174600601196,28,0,0,1,1,1,0,0,0,0,0,0,0,0,1,0,1,0,1.3862943649292,784,0,0,0,2.7725887298584,2.0794415473938,24,12,0
2.95,3.42602229118347,-0.476022392511368,1,8,12.5627374649048,12.3174600601196,15,2,1,1,1,1,0,0,0,0,1,0,0,0,0,0,0,0,1.08180522918701,225,0,0,0,2.16361045837402,1.77495229244232,16,8,0
3.6,5.59145927429199,-1.99145936965942,1,12,12.5627374649048,12.3174600601196,13,0,0,1,3,1,0,0,1,0,0,0,0,0,0,0,0,0,1.28093385696411,169,0,0,0,2.56186771392822,1.97408103942871,24,12,0
2.7,3.96738171577454,-1.26738166809082,1,9,12.5627374649048,12.3174600601196,2,0,0,0,1,1,1,0,0,0,0,0,1,0,0,0,1,0,0.993251800537109,4,0,0,0,1.98650360107422,1.68639898300171,18,9,0
4,6.67417812347412,-2.67417788505554,1,14,12.5627374649048,12.3174600601196,22,3,0,0,0,1,0,0,0,1,0,0,0,0,0,0,1,0,1.3862943649292,484,0,0,0,2.7725887298584,2.0794415473938,28,14,0
1.63,5.59145927429199,-3.96145939826965,1,12,12.5627374649048,12.3174600601196,18,0,0,0,2,0,0,0,0,0,0,0,0,1,0,0,0,1,0.488580018281937,324,0,0,0,0.977160036563873,1.18172717094421,24,12,0
3.5,6.13281869888306,-2.63281869888306,1,13,12.5627374649048,12.3174600601196,29,1,0,1,0,0,0,1,0,0,0,0,0,0,1,0,1,0,1.25276291370392,841,0,0,0,2.50552582740784,1.94591009616852,26,13,0
3.35,6.13281869888306,-2.78281879425049,1,13,12.5627374649048,12.3174600601196,22,0,0,0,2,0,1,0,0,0,0,0,1,0,0,0,1,0,1.20896029472351,484,0,0,0,2.41792058944702,1.90210747718811,26,13,0
2.17,6.13281869888306,-3.96281862258911,1,13,12.5627374649048,12.3174600601196,1,4,0,0,1,1,1,0,0,0,1,0,0,0,0,0,0,1,0.774727165699005,1,0,0,0,1.54945433139801,1.46787428855896,26,13,0
8.1,5.59145927429199,2.50854063034058,1,12,12.5627374649048,12.3174600601196,38,3,0,1,1,1,1,0,0,0,0,0,0,0,1,1,0,0,2.09186410903931,1444,0,0,0,4.18372821807861,2.78501129150391,24,12,0
8.6,7.75689649581909,0.843103528022766,1,16,12.5627374649048,12.3174600601196,3,2,0,0,0,1,0,0,0,0,0,0,0,0,1,1,0,0,2.15176224708557,9,1,1,0,4.30352449417114,2.84490942955017,32,16,0
2.9,4.50874090194702,-1.60874092578888,1,10,12.5627374649048,12.3174600601196,4,0,0,0,1,1,0,0,0,0,0,0,0,0,1,0,0,1,1.06471073627472,16,0,0,0,2.12942147254944,1.75785791873932,20,10,0
4,4.50874090194702,-0.508740901947022,1,10,12.5627374649048,12.3174600601196,2,0,0,0,1,1,0,0,1,0,0,0,0,1,0,0,0,0,1.3862943649292,4,0,0,0,2.7725887298584,2.0794415473938,20,10,0
3.35,2.88466310501099,0.465336859226227,1,7,12.5627374649048,12.3174600601196,35,0,0,0,1,1,0,1,0,0,0,0,0,0,0,0,0,0,1.20896029472351,1225,0,0,0,2.41792058944702,1.90210747718811,14,7,0
6.25,5.59145927429199,0.658540546894074,1,12,12.5627374649048,12.3174600601196,11,0,0,0,0,1,0,0,1,0,0,0,0,0,1,0,1,0,1.83258152008057,121,0,0,0,3.66516304016113,2.52572870254517,24,12,0
21.63,8.83961486816406,12.7903852462769,1,18,12.5627374649048,12.3174600601196,8,8,0,0,0,1,0,0,0,0,0,0,0,0,1,1,0,0,3.07408118247986,64,1,1,0,6.14816236495972,3.76722836494446,36,18,0
3.3,6.13281869888306,-2.83281874656677,1,13,12.5627374649048,12.3174600601196,5,0,0,0,0,1,1,0,0,0,0,0,0,0,1,1,0,0,1.19392251968384,25,0,0,0,2.38784503936768,1.88706970214844,26,13,0
3,3.42602229118347,-0.426022410392761,1,8,12.5627374649048,12.3174600601196,33,12,0,1,3,0,0,1,0,0,1,0,0,0,0,0,0,0,1.0986123085022,1089,0,0,0,2.19722461700439,1.7917594909668,16,8,0
3,3.42602229118347,-0.426022410392761,1,8,12.5627374649048,12.3174600601196,45,1,0,1,0,0,0,0,0,0,0,0,0,0,0,0,0,0,1.0986123085022,2025,0,0,0,2.19722461700439,1.7917594909668,16,8,0
4.5,6.67417812347412,-2.17417788505554,1,14,12.5627374649048,12.3174600601196,16,0,0,1,1,1,0,0,1,0,0,0,0,0,1,0,1,0,1.5040774345398,256,0,0,0,3.00815486907959,2.19722461700439,28,14,0
2.9,5.59145927429199,-2.69145941734314,1,12,12.5627374649048,12.3174600601196,39,1,0,1,0,0,0,1,0,0,0,0,0,0,1,0,0,1,1.06471073627472,1521,0,0,0,2.12942147254944,1.75785791873932,24,12,0
2,6.13281869888306,-4.13281869888306,1,13,12.5627374649048,12.3174600601196,2,6,0,0,0,1,1,0,0,0,0,0,0,1,0,0,0,1,0.6931471824646,4,0,0,0,1.3862943649292,1.3862943649292,26,13,0
3.45,4.50874090194702,-1.05874085426331,1,10,12.5627374649048,12.3174600601196,11,0,0,0,2,1,0,1,0,0,0,0,1,0,0,0,0,1,1.23837423324585,121,0,0,0,2.4767484664917,1.93152141571045,20,10,0
2.91,5.05010032653809,-2.1401002407074,1,11,12.5627374649048,12.3174600601196,1,0,0,0,3,1,1,0,0,0,0,0,0,1,0,1,0,0,1.06815302371979,1,0,0,0,2.13630604743958,1.76130020618439,22,11,0
3.75,5.59145927429199,-1.84145939350128,1,12,12.5627374649048,12.3174600601196,14,0,0,1,3,1,0,0,0,0,0,0,0,1,0,0,0,1,1.32175588607788,196,0,0,0,2.64351177215576,2.01490306854248,24,12,0
4.05,3.96738171577454,0.082618348300457,1,9,12.5627374649048,12.3174600601196,7,4,0,1,1,1,0,1,0,0,0,0,0,0,0,0,0,0,1.39871692657471,49,0,0,0,2.79743385314941,2.09186410903931,18,9,0
4.5,5.59145927429199,-1.09145939350128,1,12,12.5627374649048,12.3174600601196,35,12,0,1,0,1,0,0,0,0,0,0,0,0,1,0,1,0,1.5040774345398,1225,0,0,0,3.00815486907959,2.19722461700439,24,12,0
4.75,5.59145927429199,-0.841459453105927,1,12,12.5627374649048,12.3174600601196,48,2,0,1,0,1,1,0,0,0,0,0,0,0,1,0,0,1,1.55814456939697,2304,0,0,0,3.11628913879395,2.25129175186157,24,12,0
6.85,7.21553707122803,-0.365537196397781,1,15,12.5627374649048,12.3174600601196,11,3,0,1,2,1,0,0,0,0,0,0,0,0,1,1,0,0,1.92424869537354,121,0,0,0,3.84849739074707,2.61739587783813,30,15,0
6.18,6.67417812347412,-0.494177937507629,1,14,12.5627374649048,12.3174600601196,9,3,0,1,0,1,1,0,0,0,0,0,0,0,1,1,0,0,1.82131826877594,81,0,0,0,3.64263653755188,2.51446557044983,28,14,0
3.06,5.59145927429199,-2.53145933151245,1,12,12.5627374649048,12.3174600601196,14,10,1,0,3,0,0,1,0,0,0,0,1,0,0,0,0,0,1.11841487884521,196,0,0,0,2.23682975769043,1.81156206130981,24,12,0
5,5.59145927429199,-0.591459453105927,1,12,12.5627374649048,12.3174600601196,14,11,0,0,0,1,1,0,0,0,0,0,0,0,1,0,0,1,1.60943794250488,196,0,0,0,3.21887588500977,2.30258512496948,24,12,0
3.33,5.59145927429199,-2.26145935058594,1,12,12.5627374649048,12.3174600601196,45,4,0,1,0,0,0,0,0,0,0,0,1,0,0,0,0,0,1.20297229290009,2025,0,0,0,2.40594458580017,1.89611947536469,24,12,0
3.75,5.59145927429199,-1.84145939350128,1,12,12.5627374649048,12.3174600601196,39,2,0,1,0,1,1,0,0,0,0,0,0,1,0,1,0,0,1.32175588607788,1521,0,0,0,2.64351177215576,2.01490306854248,24,12,0
3,5.05010032653809,-2.05010008811951,1,11,12.5627374649048,12.3174600601196,3,0,0,0,2,1,0,0,1,0,0,0,1,0,0,0,0,0,1.0986123085022,9,0,0,0,2.19722461700439,1.7917594909668,22,11,0
7.63,5.59145927429199,2.03854060173035,1,12,12.5627374649048,12.3174600601196,8,4,0,0,0,1,0,0,0,0,0,1,0,0,0,0,1,0,2.03208780288696,64,0,0,0,4.06417560577393,2.72523498535156,24,12,0
9,5.59145927429199,3.40854048728943,1,12,12.5627374649048,12.3174600601196,11,5,0,1,0,1,1,0,0,0,0,0,0,0,1,1,0,0,2.19722461700439,121,0,0,0,4.39444923400879,2.89037179946899,24,12,0
